date,股票代码,open,close,high,low,volume,amount,amplitude,pct_change,change,turnover,code
2021-06-10,600905,2.9,3.54,3.54,2.9,1573817,596262432.0,27.0,49.37,1.17,2.26,600905
2021-06-11,600905,3.92,3.92,3.92,3.92,347341,145883136.0,0.0,10.73,0.38,0.5,600905
2021-06-15,600905,4.34,4.34,4.34,3.95,36453075,16407454976.0,9.95,10.71,0.42,52.45,600905
2021-06-16,600905,4.33,4.67,4.79,4.07,31487350,15016698624.0,16.59,7.6,0.33,45.31,600905
2021-06-17,600905,4.59,5.17,5.17,4.49,13092208,6872921088.0,14.56,10.71,0.5,18.84,600905
2021-06-18,600905,5.62,5.72,5.72,5.5,6024392,3565611744.0,4.26,10.64,0.55,8.67,600905
2021-06-21,600905,6.32,6.32,6.32,6.32,1393735,919865344.0,0.0,10.49,0.6,2.01,600905
2021-06-22,600905,6.98,6.98,6.98,6.98,361655,262561269.0,0.0,10.44,0.66,0.52,600905
2021-06-23,600905,7.71,7.71,7.71,7.71,231312,184818520.0,0.0,10.46,0.73,0.33,600905
2021-06-24,600905,8.51,7.04,8.51,6.91,35169453,27698437632.0,20.75,-8.69,-0.67,50.61,600905
2021-06-25,600905,6.71,6.61,7.26,6.43,21937588,15295257856.0,11.79,-6.11,-0.43,31.57,600905
2021-06-28,600905,6.47,6.07,6.47,6.05,18818549,12244437760.0,6.35,-8.17,-0.54,27.08,600905
2021-06-29,600905,5.94,6.4,6.58,5.83,19539411,12859344896.0,12.36,5.44,0.33,28.12,600905
2021-06-30,600905,6.24,6.08,6.26,6.0,12709444,8106076672.0,4.06,-5.0,-0.32,18.29,600905
2021-07-01,600905,6.02,5.97,6.27,5.95,9806966,6247749120.0,5.26,-1.81,-0.11,14.11,600905
2021-07-02,600905,5.99,5.67,6.04,5.62,10667396,6406020096.0,7.04,-5.03,-0.3,15.35,600905
2021-07-05,600905,5.62,5.56,5.7,5.42,9134949,5287802880.0,4.94,-1.94,-0.11,13.14,600905
2021-07-06,600905,5.57,6.14,6.14,5.47,16663106,10229750016.0,12.05,10.43,0.58,23.98,600905
2021-07-07,600905,6.02,6.1,6.36,5.84,15278646,9674468608.0,8.47,-0.65,-0.04,21.99,600905
2021-07-08,600905,6.18,6.48,6.61,6.03,15421660,10289353984.0,9.51,6.23,0.38,22.19,600905
2021-07-09,600905,6.4,6.68,6.9,6.25,14543062,10042488320.0,10.03,3.09,0.2,20.93,600905
2021-07-12,600905,6.58,6.5,6.72,6.36,11837127,8044042240.0,5.39,-2.69,-0.18,17.03,600905
2021-07-13,600905,6.39,6.71,6.87,6.34,13047908,9078657792.0,8.15,3.23,0.21,18.78,600905
2021-07-14,600905,6.71,6.53,6.87,6.41,11693495,8087320832.0,6.86,-2.68,-0.18,16.83,600905
2021-07-15,600905,6.43,6.31,6.5,6.14,8582092,5655317760.0,5.51,-3.37,-0.22,12.35,600905
2021-07-16,600905,6.43,6.33,6.6,6.3,8938059,6022989056.0,4.75,0.32,0.02,12.86,600905
2021-07-19,600905,6.21,6.05,6.21,5.97,7163907,4548540928.0,3.79,-4.42,-0.28,10.31,600905
2021-07-20,600905,5.95,6.03,6.12,5.89,5077460,3188383296.0,3.8,-0.33,-0.02,7.31,600905
2021-07-21,600905,6.03,5.96,6.07,5.94,5700564,3566866112.0,2.16,-1.16,-0.07,8.2,600905
2021-07-22,600905,5.99,5.99,6.12,5.95,5658720,3562733024.0,2.85,0.5,0.03,8.14,600905
2021-07-23,600905,5.96,5.82,5.96,5.77,6609671,4028467520.0,3.17,-2.84,-0.17,9.51,600905
2021-07-26,600905,5.8,5.68,5.8,5.57,5410085,3220634944.0,3.95,-2.41,-0.14,7.78,600905
2021-07-27,600905,5.64,5.97,6.07,5.53,10129082,6209198592.0,9.51,5.11,0.29,14.58,600905
2021-07-28,600905,5.92,5.68,5.92,5.52,5555262,3339290432.0,6.7,-4.86,-0.29,7.99,600905
2021-07-29,600905,5.67,5.73,5.8,5.64,4769298,2861733984.0,2.82,0.88,0.05,6.86,600905
2021-07-30,600905,5.68,5.84,6.0,5.62,6271879,3834746288.0,6.63,1.92,0.11,9.02,600905
2021-08-02,600905,5.85,5.82,5.89,5.67,5336996,3230837664.0,3.77,-0.34,-0.02,7.68,600905
2021-08-03,600905,5.75,5.71,5.86,5.69,4661173,2811818128.0,2.92,-1.89,-0.11,6.71,600905
2021-08-04,600905,5.69,5.83,5.87,5.65,5145233,3100822752.0,3.85,2.1,0.12,7.4,600905
2021-08-05,600905,5.77,5.72,5.82,5.7,3824343,2303100624.0,2.06,-1.89,-0.11,5.5,600905
2021-08-06,600905,5.68,5.66,5.71,5.64,3261068,1937120688.0,1.22,-1.05,-0.06,4.69,600905
2021-08-09,600905,5.68,5.61,5.71,5.6,3502734,2070615248.0,1.94,-0.88,-0.05,5.04,600905
2021-08-10,600905,5.59,5.57,5.61,5.54,3829402,2237084736.0,1.25,-0.71,-0.04,5.51,600905
2021-08-11,600905,5.57,5.64,5.75,5.49,5956447,3516384192.0,4.67,1.26,0.07,8.57,600905
2021-08-12,600905,5.57,5.54,5.6,5.53,3988231,2322885968.0,1.24,-1.77,-0.1,5.74,600905
2021-08-13,600905,5.52,5.44,5.53,5.43,3935043,2261638048.0,1.81,-1.81,-0.1,5.66,600905
2021-08-16,600905,5.45,5.82,5.96,5.45,9753970,5826864384.0,9.38,6.99,0.38,14.04,600905
2021-08-17,600905,5.87,5.63,5.87,5.62,6630967,3972931536.0,4.3,-3.26,-0.19,9.54,600905
2021-08-18,600905,5.54,5.55,5.57,5.48,3569778,2072488896.0,1.6,-1.42,-0.08,5.14,600905
2021-08-19,600905,5.53,5.55,5.62,5.48,2884360,1681640912.0,2.52,0.0,0.0,4.15,600905
2021-08-20,600905,5.52,5.46,5.53,5.43,3265069,1873368304.0,1.8,-1.62,-0.09,4.7,600905
2021-08-23,600905,5.44,5.47,5.52,5.42,2708589,1557440288.0,1.83,0.18,0.01,3.9,600905
2021-08-24,600905,5.45,5.46,5.54,5.42,3582170,2055500576.0,2.19,-0.18,-0.01,5.15,600905
2021-08-25,600905,5.43,5.34,5.45,5.32,4084025,2301017152.0,2.38,-2.2,-0.12,5.88,600905
2021-08-26,600905,5.32,5.19,5.32,5.19,4191300,2308667408.0,2.43,-2.81,-0.15,6.03,600905
2021-08-27,600905,5.27,5.25,5.42,5.24,4121542,2308717376.0,3.47,1.16,0.06,5.93,600905
2021-08-30,600905,5.27,5.31,5.36,5.1,5184658,2835924864.0,4.95,1.14,0.06,7.46,600905
2021-08-31,600905,5.25,5.22,5.29,5.19,2859548,1572915856.0,1.88,-1.69,-0.09,4.11,600905
2021-09-01,600905,5.2,5.25,5.3,5.18,2954181,1633508688.0,2.3,0.57,0.03,4.25,600905
2021-09-02,600905,5.24,5.7,5.78,5.21,11869268,6973663744.0,10.86,8.57,0.45,17.08,600905
2021-09-03,600905,5.71,6.22,6.3,5.62,18116618,11559396864.0,11.93,9.12,0.52,26.07,600905
2021-09-06,600905,6.39,6.1,6.41,5.77,12467688,7876940544.0,10.29,-1.93,-0.12,17.94,600905
2021-09-07,600905,5.97,6.27,6.41,5.93,10710216,6850215424.0,7.87,2.79,0.17,15.41,600905
2021-09-08,600905,6.38,6.26,6.6,6.25,11782677,7844719616.0,5.58,-0.16,-0.01,16.95,600905
2021-09-09,600905,6.09,5.96,6.11,5.94,8024759,5043062016.0,2.72,-4.79,-0.3,11.55,600905
2021-09-10,600905,5.92,5.84,6.05,5.82,6207038,3836579072.0,3.86,-2.01,-0.12,8.93,600905
2021-09-13,600905,5.84,5.88,5.91,5.73,5391736,3287389536.0,3.08,0.68,0.04,7.76,600905
2021-09-14,600905,5.89,5.7,5.89,5.68,4501467,2721651920.0,3.57,-3.06,-0.18,6.48,600905
2021-09-15,600905,5.66,5.88,5.94,5.64,5179487,3168637536.0,5.26,3.16,0.18,7.45,600905
2021-09-16,600905,5.86,5.74,5.87,5.72,3740886,2265451104.0,2.55,-2.38,-0.14,5.38,600905
2021-09-17,600905,5.71,6.34,6.34,5.7,15692461,10078911232.0,11.15,10.45,0.6,22.58,600905
2021-09-22,600905,6.49,7.0,7.0,6.43,15834136,11236891904.0,8.99,10.41,0.66,22.78,600905
2021-09-23,600905,7.37,6.68,7.37,6.62,15404211,11079527168.0,10.71,-4.57,-0.32,22.17,600905
2021-09-24,600905,6.66,6.83,7.07,6.49,12118795,8575362304.0,8.68,2.25,0.15,17.44,600905
2021-09-27,600905,7.02,6.6,7.07,6.32,9941988,6882182656.0,10.98,-3.37,-0.23,14.31,600905
2021-09-28,600905,6.49,7.18,7.29,6.44,12860630,9389622016.0,12.88,8.79,0.58,18.51,600905
2021-09-29,600905,7.01,6.78,7.17,6.73,8832864,6349443584.0,6.13,-5.57,-0.4,12.71,600905
2021-09-30,600905,6.81,7.09,7.22,6.65,8649668,6223538944.0,8.41,4.57,0.31,12.45,600905
2021-10-08,600905,7.15,6.86,7.22,6.73,6204876,4431343104.0,6.91,-3.24,-0.23,8.93,600905
2021-10-11,600905,6.94,6.56,6.97,6.42,6123323,4215289408.0,8.02,-4.37,-0.3,8.81,600905
2021-10-12,600905,6.42,6.45,6.66,6.17,6047445,4023814896.0,7.47,-1.68,-0.11,8.7,600905
2021-10-13,600905,6.36,6.21,6.36,6.08,4431096,2871685520.0,4.34,-3.72,-0.24,6.38,600905
2021-10-14,600905,6.13,6.25,6.41,6.05,4498129,2935874304.0,5.8,0.64,0.04,6.47,600905
2021-10-15,600905,6.2,6.4,6.47,6.15,4146098,2740001168.0,5.12,2.4,0.15,5.97,600905
2021-10-18,600905,6.46,6.72,6.9,6.38,6603610,4589898752.0,8.13,5.0,0.32,9.5,600905
2021-10-19,600905,6.69,6.62,6.75,6.58,4109099,2851204016.0,2.53,-1.49,-0.1,5.91,600905
2021-10-20,600905,6.57,6.82,6.92,6.54,6746849,4760163840.0,5.74,3.02,0.2,9.71,600905
2021-10-21,600905,6.77,6.6,6.77,6.54,5297956,3662363504.0,3.37,-3.23,-0.22,7.62,600905
2021-10-22,600905,6.58,6.35,6.59,6.34,3813186,2561022768.0,3.79,-3.79,-0.25,5.49,600905
2021-10-25,600905,6.42,6.52,6.62,6.37,3903495,2655262624.0,3.94,2.68,0.17,5.62,600905
2021-10-26,600905,6.52,6.54,6.76,6.47,4702911,3251325408.0,4.45,0.31,0.02,6.77,600905
2021-10-27,600905,6.54,6.87,6.99,6.46,9852913,6993553664.0,8.1,5.05,0.33,14.18,600905
2021-10-28,600905,6.82,6.94,7.28,6.75,8473239,6164442112.0,7.71,1.02,0.07,12.19,600905
2021-10-29,600905,6.87,6.96,6.96,6.59,7296693,5156603136.0,5.33,0.29,0.02,10.5,600905
2021-11-01,600905,6.8,7.5,7.68,6.74,13341681,10086401024.0,13.51,7.76,0.54,19.2,600905
2021-11-02,600905,7.35,7.27,7.6,7.14,9136128,6964424448.0,6.13,-3.07,-0.23,13.15,600905
2021-11-03,600905,7.24,7.13,7.28,6.94,5921313,4371230976.0,4.68,-1.93,-0.14,8.52,600905
2021-11-04,600905,7.05,7.38,7.49,7.05,7023276,5365317888.0,6.17,3.51,0.25,10.11,600905
2021-11-05,600905,7.32,6.79,7.42,6.75,8720465,6389743104.0,9.08,-7.99,-0.59,12.55,600905
2021-11-08,600905,6.79,6.68,6.82,6.53,5440782,3775184848.0,4.27,-1.62,-0.11,7.83,600905
2021-11-09,600905,6.82,6.85,6.98,6.74,5867182,4191106720.0,3.59,2.54,0.17,8.44,600905
2021-11-10,600905,6.82,6.86,6.9,6.68,3697510,2609808816.0,3.21,0.15,0.01,5.32,600905
2021-11-11,600905,6.85,6.68,6.85,6.66,3790609,2637401920.0,2.77,-2.62,-0.18,5.45,600905
2021-11-12,600905,6.65,6.66,6.72,6.59,3109115,2143099712.0,1.95,-0.3,-0.02,4.47,600905
2021-11-15,600905,6.63,6.46,6.63,6.39,4763941,3189286608.0,3.6,-3.0,-0.2,6.86,600905
2021-11-16,600905,6.39,6.49,6.53,6.38,2549542,1707259808.0,2.32,0.46,0.03,3.67,600905
2021-11-17,600905,6.51,6.49,6.54,6.42,2534658,1705664848.0,1.85,0.0,0.0,3.65,600905
2021-11-18,600905,6.46,6.66,6.73,6.42,4172269,2856360608.0,4.78,2.62,0.17,6.0,600905
2021-11-19,600905,6.64,6.62,6.64,6.52,2569372,1753837312.0,1.8,-0.6,-0.04,3.7,600905
2021-11-22,600905,6.61,6.57,6.66,6.52,3633340,2468255904.0,2.11,-0.76,-0.05,5.23,600905
2021-11-23,600905,6.57,6.46,6.57,6.44,3077854,2065284272.0,1.98,-1.67,-0.11,4.43,600905
2021-11-24,600905,6.47,6.36,6.49,6.24,5307138,3498729344.0,3.87,-1.55,-0.1,7.64,600905
2021-11-25,600905,6.38,6.41,6.51,6.37,3122721,2087374992.0,2.2,0.79,0.05,4.49,600905
2021-11-26,600905,6.36,6.26,6.37,6.21,3734905,2423638000.0,2.5,-2.34,-0.15,5.37,600905
2021-11-29,600905,6.11,6.3,6.37,6.06,3384802,2198536864.0,4.95,0.64,0.04,4.87,600905
2021-11-30,600905,6.3,6.4,6.44,6.27,2773130,1837494768.0,2.7,1.59,0.1,3.99,600905
2021-12-01,600905,6.4,6.5,6.52,6.36,3491939,2339168720.0,2.5,1.56,0.1,5.02,600905
2021-12-02,600905,6.48,6.37,6.48,6.37,2291338,1520284720.0,1.69,-2.0,-0.13,3.3,600905
2021-12-03,600905,6.35,6.62,6.65,6.29,5887654,3984912560.0,5.65,3.92,0.25,8.47,600905
2021-12-06,600905,6.62,6.51,6.71,6.5,4098521,2807735488.0,3.17,-1.66,-0.11,5.9,600905
2021-12-07,600905,6.53,6.45,6.57,6.36,3146021,2101784400.0,3.23,-0.92,-0.06,4.53,600905
2021-12-08,600905,6.46,6.6,6.65,6.4,3700340,2520807568.0,3.88,2.33,0.15,5.32,600905
2021-12-09,600905,6.54,6.79,6.85,6.51,6164845,4275045472.0,5.15,2.88,0.19,8.87,600905
2021-12-10,600905,6.56,6.64,6.79,6.45,13352422,9093609728.0,5.01,-2.21,-0.15,15.58,600905
2021-12-13,600905,6.68,7.05,7.26,6.67,12437508,9079427840.0,8.89,6.17,0.41,14.51,600905
2021-12-14,600905,7.05,7.07,7.12,6.96,5746015,4180578752.0,2.27,0.28,0.02,6.7,600905
2021-12-15,600905,7.03,7.01,7.23,6.88,7049974,5137329408.0,4.95,-0.85,-0.06,8.23,600905
2021-12-16,600905,6.96,7.03,7.16,6.94,4581577,3337291872.0,3.14,0.29,0.02,5.35,600905
2021-12-17,600905,7.01,7.17,7.46,6.98,8361004,6290566912.0,6.83,1.99,0.14,9.75,600905
2021-12-20,600905,7.15,6.91,7.26,6.81,6634630,4782393088.0,6.28,-3.63,-0.26,7.74,600905
2021-12-21,600905,6.98,6.99,7.03,6.9,3130871,2255211872.0,1.88,1.16,0.08,3.65,600905
2021-12-22,600905,7.01,6.85,7.01,6.8,3792673,2700918176.0,3.0,-2.0,-0.14,4.43,600905
2021-12-23,600905,6.82,7.24,7.34,6.79,8815638,6500611840.0,8.03,5.69,0.39,10.29,600905
2021-12-24,600905,7.26,7.53,7.81,7.21,10154476,7849997824.0,8.29,4.01,0.29,11.85,600905
2021-12-27,600905,7.66,7.45,7.7,7.31,6629911,5129076224.0,5.18,-1.06,-0.08,7.74,600905
2021-12-28,600905,7.45,7.23,7.49,7.15,4906829,3674987376.0,4.56,-2.95,-0.22,5.72,600905
2021-12-29,600905,7.2,7.01,7.21,6.99,4809322,3519848912.0,3.04,-3.04,-0.22,5.61,600905
2021-12-30,600905,6.99,7.08,7.18,6.98,3861560,2832421936.0,2.85,1.0,0.07,4.51,600905
2021-12-31,600905,7.16,7.27,7.34,7.14,5277751,3953923440.0,2.82,2.68,0.19,6.16,600905
2022-01-04,600905,7.33,7.19,7.45,7.17,4034471,3032557584.0,3.85,-1.1,-0.08,4.71,600905
2022-01-05,600905,7.17,6.96,7.19,6.87,4646892,3353468192.0,4.45,-3.2,-0.23,5.42,600905
2022-01-06,600905,6.88,6.95,7.01,6.85,3178437,2281411728.0,2.3,-0.14,-0.01,3.71,600905
2022-01-07,600905,6.92,6.86,6.97,6.85,3227438,2302708400.0,1.73,-1.29,-0.09,3.77,600905
2022-01-10,600905,6.87,6.8,6.89,6.66,3051613,2135357152.0,3.35,-0.87,-0.06,3.56,600905
2022-01-11,600905,6.78,6.68,6.88,6.65,3324321,2325654704.0,3.38,-1.76,-0.12,3.88,600905
2022-01-12,600905,6.7,6.73,6.77,6.56,4314415,2980501232.0,3.14,0.75,0.05,5.03,600905
2022-01-13,600905,6.69,6.76,6.82,6.63,3276073,2283801264.0,2.82,0.45,0.03,3.82,600905
2022-01-14,600905,6.7,6.69,6.82,6.65,2632915,1833729760.0,2.51,-1.04,-0.07,3.07,600905
2022-01-17,600905,6.68,6.67,6.7,6.6,1998693,1377564144.0,1.49,-0.3,-0.02,2.33,600905
2022-01-18,600905,6.69,6.87,6.91,6.63,4119137,2907164272.0,4.2,3.0,0.2,4.81,600905
2022-01-19,600905,6.82,6.77,6.85,6.72,2413841,1693222480.0,1.89,-1.46,-0.1,2.82,600905
2022-01-20,600905,6.78,6.85,6.94,6.72,3100622,2195356304.0,3.25,1.18,0.08,3.62,600905
2022-01-21,600905,6.85,6.76,6.98,6.72,4712369,3349470112.0,3.8,-1.31,-0.09,5.5,600905
2022-01-24,600905,6.64,6.63,6.73,6.57,2855405,1962457280.0,2.37,-1.92,-0.13,3.33,600905
2022-01-25,600905,6.59,6.31,6.63,6.3,3574538,2390640064.0,4.98,-4.83,-0.32,4.17,600905
2022-01-26,600905,6.37,6.44,6.53,6.34,2523023,1687820496.0,3.01,2.06,0.13,2.94,600905
2022-01-27,600905,6.54,6.49,6.65,6.45,3010416,2045130496.0,3.11,0.78,0.05,3.51,600905
2022-01-28,600905,6.53,6.62,6.68,6.41,2936079,2001018384.0,4.16,2.0,0.13,3.43,600905
2022-02-07,600905,6.73,6.69,6.78,6.63,2324124,1614732416.0,2.27,1.06,0.07,2.71,600905
2022-02-08,600905,6.67,6.81,6.82,6.59,2415952,1675686400.0,3.44,1.79,0.12,2.82,600905
2022-02-09,600905,6.78,6.85,6.9,6.75,2697295,1910140064.0,2.2,0.59,0.04,3.15,600905
2022-02-10,600905,6.88,6.87,6.9,6.8,2374297,1684756112.0,1.46,0.29,0.02,2.77,600905
2022-02-11,600905,6.82,6.67,6.83,6.66,2882202,2006343200.0,2.47,-2.91,-0.2,3.36,600905
2022-02-14,600905,6.61,6.51,6.63,6.47,2636263,1785771936.0,2.4,-2.4,-0.16,3.08,600905
2022-02-15,600905,6.51,6.55,6.62,6.51,2032955,1378990768.0,1.69,0.61,0.04,2.37,600905
2022-02-16,600905,6.59,6.55,6.61,6.51,1678012,1141222832.0,1.53,0.0,0.0,1.96,600905
2022-02-17,600905,6.52,6.54,6.6,6.48,1855625,1257527680.0,1.83,-0.15,-0.01,2.17,600905
2022-02-18,600905,6.5,6.55,6.57,6.46,1658211,1120783584.0,1.68,0.15,0.01,1.93,600905
2022-02-21,600905,6.55,6.58,6.59,6.51,1485166,1008333600.0,1.22,0.46,0.03,1.73,600905
2022-02-22,600905,6.55,6.55,6.56,6.48,1711221,1155627456.0,1.22,-0.46,-0.03,2.0,600905
2022-02-23,600905,6.55,6.66,6.67,6.53,2530630,1732398928.0,2.14,1.68,0.11,2.95,600905
2022-02-24,600905,6.62,6.53,6.78,6.43,3979100,2733592272.0,5.26,-1.95,-0.13,4.64,600905
2022-02-25,600905,6.57,6.7,6.73,6.53,3719053,2557080288.0,3.06,2.6,0.17,4.34,600905
2022-02-28,600905,6.7,6.89,6.89,6.66,5808734,4097930848.0,3.43,2.84,0.19,6.78,600905
2022-03-01,600905,6.91,6.88,6.94,6.83,3067373,2184574912.0,1.6,-0.15,-0.01,3.58,600905
2022-03-02,600905,6.83,6.77,6.85,6.73,2404164,1686645232.0,1.74,-1.6,-0.11,2.8,600905
2022-03-03,600905,6.8,6.81,6.88,6.78,2254140,1591815552.0,1.48,0.59,0.04,2.63,600905
2022-03-04,600905,6.77,6.79,6.86,6.69,2243522,1572812784.0,2.5,-0.29,-0.02,2.62,600905
2022-03-07,600905,6.76,6.65,6.85,6.63,2398466,1670703376.0,3.24,-2.06,-0.14,2.8,600905
2022-03-08,600905,6.62,6.47,6.64,6.46,2534711,1714882240.0,2.71,-2.71,-0.18,2.96,600905
2022-03-09,600905,6.49,6.44,6.58,6.1,3308489,2192155824.0,7.42,-0.46,-0.03,3.86,600905
2022-03-10,600905,6.56,6.6,6.65,6.44,2951181,2007192800.0,3.26,2.48,0.16,3.44,600905
2022-03-11,600905,6.52,6.54,6.56,6.36,2372428,1590220512.0,3.03,-0.91,-0.06,2.77,600905
2022-03-14,600905,6.49,6.32,6.5,6.31,2101213,1396650896.0,2.91,-3.36,-0.22,2.45,600905
2022-03-15,600905,6.27,5.84,6.27,5.82,3760780,2363216272.0,7.12,-7.59,-0.48,4.39,600905
2022-03-16,600905,5.95,6.05,6.06,5.67,3405959,2089377136.0,6.68,3.6,0.21,3.97,600905
2022-03-17,600905,6.13,6.13,6.21,6.09,2672173,1705744096.0,1.98,1.32,0.08,3.12,600905
2022-03-18,600905,6.1,6.27,6.27,6.06,2457412,1581220672.0,3.43,2.28,0.14,2.87,600905
2022-03-21,600905,6.27,6.2,6.3,6.16,1991956,1286900416.0,2.23,-1.12,-0.07,2.32,600905
2022-03-22,600905,6.19,6.12,6.19,6.08,1727102,1100352448.0,1.77,-1.29,-0.08,2.02,600905
2022-03-23,600905,6.19,6.12,6.26,6.12,2101376,1347900448.0,2.29,0.0,0.0,2.45,600905
2022-03-24,600905,6.08,6.02,6.08,5.96,1700339,1062873392.0,1.96,-1.63,-0.1,1.98,600905
2022-03-25,600905,6.01,5.91,6.01,5.89,1800850,1113526272.0,1.99,-1.83,-0.11,2.1,600905
2022-03-28,600905,5.88,5.95,5.97,5.84,1533588,945646240.0,2.2,0.68,0.04,1.79,600905
2022-03-29,600905,5.97,5.96,6.03,5.95,1235648,769651728.0,1.34,0.17,0.01,1.44,600905
2022-03-30,600905,6.01,6.03,6.06,6.01,1641987,1030049104.0,0.84,1.17,0.07,1.92,600905
2022-03-31,600905,6.04,5.9,6.04,5.88,1809359,1118152480.0,2.65,-2.16,-0.13,2.11,600905
2022-04-01,600905,5.87,5.9,5.91,5.83,1613857,986282416.0,1.36,0.0,0.0,1.88,600905
2022-04-06,600905,5.93,6.03,6.07,5.9,2102931,1309844784.0,2.88,2.2,0.13,2.45,600905
2022-04-07,600905,6.0,5.94,6.02,5.92,1312888,814347888.0,1.66,-1.49,-0.09,1.53,600905
2022-04-08,600905,5.95,5.93,5.99,5.86,1279465,787538352.0,2.19,-0.17,-0.01,1.49,600905
2022-04-11,600905,5.91,5.74,5.91,5.69,2020253,1216614256.0,3.71,-3.2,-0.19,2.36,600905
2022-04-12,600905,5.72,5.72,5.77,5.55,2276991,1342873120.0,3.83,-0.35,-0.02,2.66,600905
2022-04-13,600905,5.69,5.49,5.69,5.47,2709390,1570486192.0,3.85,-4.02,-0.23,3.16,600905
2022-04-14,600905,5.52,5.42,5.55,5.32,3479768,1967443472.0,4.19,-1.28,-0.07,4.06,600905
2022-04-15,600905,5.36,5.39,5.48,5.28,2365201,1328885456.0,3.69,-0.55,-0.03,2.76,600905
2022-04-18,600905,5.34,5.46,5.46,5.26,1995592,1119558768.0,3.71,1.3,0.07,2.33,600905
2022-04-19,600905,5.46,5.48,5.55,5.43,1575422,903371920.0,2.2,0.37,0.02,1.84,600905
2022-04-20,600905,5.48,5.37,5.5,5.35,1371122,774680320.0,2.74,-2.01,-0.11,1.6,600905
2022-04-21,600905,5.32,5.19,5.36,5.19,1928979,1061948400.0,3.17,-3.35,-0.18,2.25,600905
2022-04-22,600905,5.14,5.32,5.36,5.12,2214698,1220424944.0,4.62,2.5,0.13,2.58,600905
2022-04-25,600905,5.26,5.14,5.37,5.13,2240574,1230585968.0,4.51,-3.38,-0.18,2.61,600905
2022-04-26,600905,5.17,5.0,5.23,4.96,2152566,1141440576.0,5.25,-2.72,-0.14,2.51,600905
2022-04-27,600905,4.97,5.16,5.16,4.86,2411617,1267644672.0,6.0,3.2,0.16,2.81,600905
2022-04-28,600905,5.29,5.33,5.46,5.18,3799544,2119389152.0,5.43,3.29,0.17,4.43,600905
2022-04-29,600905,5.35,5.58,5.61,5.3,3739044,2139902640.0,5.82,4.69,0.25,4.36,600905
2022-05-05,600905,5.55,5.57,5.65,5.52,2401981,1401010448.0,2.33,-0.18,-0.01,2.8,600905
2022-05-06,600905,5.44,5.45,5.49,5.39,1987263,1129394480.0,1.8,-2.15,-0.12,2.32,600905
2022-05-09,600905,5.41,5.46,5.51,5.4,1119271,638657584.0,2.02,0.18,0.01,1.31,600905
2022-05-10,600905,5.4,5.64,5.65,5.36,2298261,1332221232.0,5.31,3.3,0.18,2.68,600905
2022-05-11,600905,5.64,5.71,5.83,5.62,3050199,1826341360.0,3.72,1.24,0.07,3.56,600905
2022-05-12,600905,5.75,5.66,5.8,5.61,1917346,1138944032.0,3.33,-0.88,-0.05,2.24,600905
2022-05-13,600905,5.67,5.66,5.71,5.62,1227016,724169440.0,1.59,0.0,0.0,1.43,600905
2022-05-16,600905,5.67,5.72,5.74,5.6,1673348,992041232.0,2.47,1.06,0.06,1.95,600905
2022-05-17,600905,5.71,5.67,5.71,5.64,1149084,678168176.0,1.22,-0.87,-0.05,1.34,600905
2022-05-18,600905,5.67,5.74,5.8,5.63,1825848,1090172608.0,3.0,1.23,0.07,2.13,600905
2022-05-19,600905,5.67,5.9,5.92,5.62,3120875,1884377984.0,5.23,2.79,0.16,3.64,600905
2022-05-20,600905,5.9,5.94,6.04,5.87,2416325,1499690032.0,2.88,0.68,0.04,2.82,600905
2022-05-23,600905,5.93,5.87,5.97,5.84,1668692,1022168592.0,2.19,-1.18,-0.07,1.95,600905
2022-05-24,600905,5.89,5.68,5.92,5.66,1940256,1169756512.0,4.43,-3.24,-0.19,2.26,600905
2022-05-25,600905,5.66,5.88,5.89,5.63,2065959,1245405616.0,4.58,3.52,0.2,2.41,600905
2022-05-26,600905,5.91,5.95,6.0,5.87,2157541,1333742032.0,2.21,1.19,0.07,2.52,600905
2022-05-27,600905,5.95,5.89,5.97,5.84,1376145,845294208.0,2.18,-1.01,-0.06,1.61,600905
2022-05-30,600905,5.94,5.87,5.95,5.83,1562422,954715120.0,2.04,-0.34,-0.02,1.82,600905
2022-05-31,600905,5.93,5.97,6.02,5.91,2010407,1246570800.0,1.87,1.7,0.1,2.35,600905
2022-06-01,600905,5.94,5.92,5.95,5.86,1502969,923831824.0,1.51,-0.84,-0.05,1.75,600905
2022-06-02,600905,5.92,5.97,6.02,5.88,1762242,1094424048.0,2.36,0.84,0.05,2.06,600905
2022-06-06,600905,5.96,6.07,6.08,5.92,2233702,1398618512.0,2.68,1.68,0.1,2.61,600905
2022-06-07,600905,6.04,6.03,6.18,5.99,2176173,1373045168.0,3.13,-0.66,-0.04,2.54,600905
2022-06-08,600905,6.02,6.05,6.08,5.97,1813963,1137941552.0,1.82,0.33,0.02,2.12,600905
2022-06-09,600905,6.05,6.02,6.09,6.0,1735124,1091787008.0,1.49,-0.5,-0.03,2.02,600905
2022-06-10,600905,5.97,6.12,6.14,5.94,2809518,1777376560.0,3.32,1.66,0.1,3.28,600905
2022-06-13,600905,6.06,6.03,6.08,5.96,2423907,1515378608.0,1.96,-1.47,-0.09,2.83,600905
2022-06-14,600905,5.96,6.1,6.11,5.86,2945173,1833145824.0,4.15,1.16,0.07,3.44,600905
2022-06-15,600905,6.06,6.08,6.19,6.03,2401404,1522981120.0,2.62,-0.33,-0.02,2.8,600905
2022-06-16,600905,6.05,6.01,6.11,6.01,1610921,1014442256.0,1.64,-1.15,-0.07,1.88,600905
2022-06-17,600905,5.97,6.01,6.05,5.95,1630822,1018117824.0,1.66,0.0,0.0,1.9,600905
2022-06-20,600905,6.03,6.12,6.15,6.02,2519446,1597643216.0,2.16,1.83,0.11,2.94,600905
2022-06-21,600905,6.19,6.15,6.22,6.08,1937088,1238212800.0,2.29,0.49,0.03,2.26,600905
2022-06-22,600905,6.14,6.04,6.16,6.02,1379609,873933456.0,2.28,-1.79,-0.11,1.61,600905
2022-06-23,600905,6.04,6.08,6.08,5.98,1524429,956589856.0,1.66,0.66,0.04,1.78,600905
2022-06-24,600905,6.08,6.03,6.11,5.98,2303262,1445381856.0,2.14,-0.82,-0.05,2.69,600905
2022-06-27,600905,6.04,5.9,6.06,5.87,4472243,2749819552.0,3.15,-2.16,-0.13,5.22,600905
2022-06-28,600905,5.9,6.22,6.28,5.87,5236373,3318419088.0,6.95,5.42,0.32,6.11,600905
2022-06-29,600905,6.22,6.1,6.22,6.07,2657083,1691979024.0,2.41,-1.93,-0.12,3.1,600905
2022-06-30,600905,6.09,6.05,6.13,6.01,1840853,1162147424.0,1.97,-0.82,-0.05,2.15,600905
2022-07-01,600905,6.06,6.09,6.2,6.05,2380307,1516836240.0,2.48,0.66,0.04,2.78,600905
2022-07-04,600905,6.06,6.2,6.23,6.05,2842247,1823038736.0,2.96,1.81,0.11,3.32,600905
2022-07-05,600905,6.26,6.2,6.27,6.13,2250220,1446252512.0,2.26,0.0,0.0,2.63,600905
2022-07-06,600905,6.19,6.22,6.28,6.13,2412529,1554149152.0,2.42,0.32,0.02,2.81,600905
2022-07-07,600905,6.22,6.15,6.24,6.12,2351443,1505677552.0,1.93,-1.13,-0.07,2.74,600905
2022-07-08,600905,6.17,6.15,6.2,6.1,2253324,1437315984.0,1.63,0.0,0.0,2.63,600905
2022-07-11,600905,6.15,6.37,6.49,6.13,5555643,3654320240.0,5.85,3.58,0.22,6.48,600905
2022-07-12,600905,6.32,6.36,6.47,6.29,3097227,2056412991.0,2.83,-0.16,-0.01,3.61,600905
2022-07-13,600905,6.36,6.58,6.61,6.34,3652501,2480144098.0,4.25,3.46,0.22,4.26,600905
2022-07-14,600905,6.58,6.34,6.58,6.26,4571700,3032128339.0,4.86,-3.65,-0.24,5.33,600905
2022-07-15,600905,6.29,6.17,6.33,6.16,3209613,2076028906.0,2.68,-2.68,-0.17,3.74,600905
2022-07-18,600905,6.21,6.37,6.38,6.18,2546919,1664777455.0,3.24,3.24,0.2,2.97,600905
2022-07-19,600905,6.35,6.25,6.35,6.18,2331439,1511372811.0,2.67,-1.88,-0.12,2.72,600905
2022-07-20,600905,6.27,6.26,6.3,6.21,1456540,946048228.0,1.44,0.16,0.01,1.7,600905
2022-07-21,600905,6.24,6.12,6.24,6.11,2107192,1347338795.0,2.08,-2.24,-0.14,2.46,600905
2022-07-22,600905,6.12,6.06,6.17,6.0,2083759,1314197574.0,2.78,-0.98,-0.06,2.43,600905
2022-07-25,600905,6.06,6.01,6.07,5.98,1323175,825610842.0,1.49,-0.83,-0.05,1.54,600905
2022-07-26,600905,6.01,6.03,6.03,5.96,1144078,714488036.0,1.16,0.33,0.02,1.33,600905
2022-07-27,600905,6.01,5.97,6.02,5.97,1372128,854535110.0,0.83,-1.0,-0.06,1.6,600905
2022-07-28,600905,6.0,6.01,6.07,5.99,1345213,842911111.0,1.34,0.67,0.04,1.57,600905
2022-07-29,600905,6.01,6.04,6.14,6.01,1748926,1104552069.0,2.16,0.5,0.03,2.04,600905
2022-08-01,600905,6.03,5.95,6.04,5.88,1755149,1081843524.0,2.65,-1.49,-0.09,2.05,600905
2022-08-02,600905,5.9,5.79,5.9,5.63,2915998,1742599013.0,4.54,-2.69,-0.16,3.4,600905
2022-08-03,600905,5.72,5.7,5.84,5.69,1913512,1145229075.0,2.59,-1.55,-0.09,2.23,600905
2022-08-04,600905,5.71,5.77,5.79,5.7,1347956,805967647.0,1.58,1.23,0.07,1.57,600905
2022-08-05,600905,5.8,5.76,5.8,5.67,1418199,844382161.0,2.25,-0.17,-0.01,1.65,600905
2022-08-08,600905,5.72,5.75,5.8,5.69,1165411,698338717.0,1.91,-0.17,-0.01,1.36,600905
2022-08-09,600905,5.76,5.71,5.76,5.69,1285727,765343580.0,1.22,-0.7,-0.04,1.5,600905
2022-08-10,600905,5.7,5.64,5.73,5.63,1445762,852575754.0,1.75,-1.23,-0.07,1.69,600905
2022-08-11,600905,5.66,5.72,5.72,5.64,1318130,781951590.0,1.42,1.42,0.08,1.54,600905
2022-08-12,600905,5.7,5.79,5.81,5.69,1657520,997452865.0,2.1,1.22,0.07,1.93,600905
2022-08-15,600905,5.78,5.82,5.82,5.74,1489888,898259729.0,1.38,0.52,0.03,1.74,600905
2022-08-16,600905,5.84,5.88,5.92,5.82,1821324,1110280657.0,1.72,1.03,0.06,2.12,600905
2022-08-17,600905,5.92,6.07,6.14,5.92,3197543,2008875860.0,3.74,3.23,0.19,3.73,600905
2022-08-18,600905,6.09,5.99,6.1,5.96,1796756,1122105581.0,2.31,-1.32,-0.08,2.1,600905
2022-08-19,600905,5.98,6.16,6.25,5.91,3999510,2532216058.0,5.68,2.84,0.17,4.67,600905
2022-08-22,600905,6.17,6.16,6.25,6.13,2762445,1765178964.0,1.95,0.0,0.0,3.22,600905
2022-08-23,600905,6.13,6.14,6.21,6.1,1426972,908437718.0,1.79,-0.32,-0.02,1.66,600905
2022-08-24,600905,6.14,6.05,6.17,6.04,1745811,1102452752.0,2.12,-1.47,-0.09,2.04,600905
2022-08-25,600905,6.09,6.12,6.17,6.01,1444386,911973578.0,2.64,1.16,0.07,1.69,600905
2022-08-26,600905,6.14,6.06,6.17,6.06,1136317,718806343.0,1.8,-0.98,-0.06,1.33,600905
2022-08-29,600905,6.01,6.07,6.09,5.99,908607,569782412.0,1.65,0.17,0.01,1.06,600905
2022-08-30,600905,6.06,5.99,6.13,5.94,1244449,774343129.0,3.13,-1.32,-0.08,1.45,600905
2022-08-31,600905,5.97,5.88,5.99,5.85,1514498,926971103.0,2.34,-1.84,-0.11,1.77,600905
2022-09-01,600905,5.86,5.78,5.9,5.78,1307608,790142532.0,2.04,-1.7,-0.1,1.53,600905
2022-09-02,600905,5.8,5.8,5.92,5.78,1347084,816179918.0,2.42,0.35,0.02,1.57,600905
2022-09-05,600905,5.8,5.85,5.85,5.76,1127333,680189307.0,1.55,0.86,0.05,1.32,600905
2022-09-06,600905,5.85,5.9,5.9,5.81,1180427,717327778.0,1.54,0.85,0.05,1.38,600905
2022-09-07,600905,5.86,5.91,5.93,5.84,1385303,845344934.0,1.53,0.17,0.01,1.62,600905
2022-09-08,600905,5.92,5.85,5.98,5.84,1524202,933344461.0,2.37,-1.02,-0.06,1.78,600905
2022-09-09,600905,5.85,5.86,5.89,5.82,1020078,619688810.0,1.2,0.17,0.01,1.19,600905
2022-09-13,600905,5.86,5.8,5.88,5.8,1162989,702549154.0,1.37,-1.02,-0.06,1.36,600905
2022-09-14,600905,5.75,5.72,5.76,5.7,1326998,788888753.0,1.03,-1.38,-0.08,1.55,600905
2022-09-15,600905,5.74,5.65,5.75,5.61,1485517,874308113.0,2.45,-1.22,-0.07,1.73,600905
2022-09-16,600905,5.63,5.46,5.64,5.46,1612019,928616034.0,3.19,-3.36,-0.19,1.88,600905
2022-09-19,600905,5.46,5.42,5.5,5.39,917869,519380278.0,2.01,-0.73,-0.04,1.07,600905
2022-09-20,600905,5.45,5.47,5.48,5.42,776236,440448828.0,1.11,0.92,0.05,0.91,600905
2022-09-21,600905,5.45,5.47,5.5,5.4,798546,453094967.0,1.83,0.0,0.0,0.93,600905
2022-09-22,600905,5.44,5.47,5.49,5.42,641472,364543475.0,1.28,0.0,0.0,0.75,600905
2022-09-23,600905,5.46,5.4,5.51,5.39,853885,482393953.0,2.19,-1.28,-0.07,1.0,600905
2022-09-26,600905,5.36,5.23,5.41,5.22,1172845,648621788.0,3.52,-3.15,-0.17,1.37,600905
2022-09-27,600905,5.24,5.42,5.42,5.24,1247646,695311198.0,3.44,3.63,0.19,1.46,600905
2022-09-28,600905,5.4,5.33,5.43,5.32,813889,453961052.0,2.03,-1.66,-0.09,0.95,600905
2022-09-29,600905,5.38,5.32,5.41,5.28,776309,432112537.0,2.44,-0.19,-0.01,0.91,600905
2022-09-30,600905,5.34,5.41,5.44,5.3,1196204,671910131.0,2.63,1.69,0.09,1.4,600905
2022-10-10,600905,5.41,5.41,5.51,5.39,1042608,590397159.0,2.22,0.0,0.0,1.22,600905
2022-10-11,600905,5.4,5.51,5.53,5.39,1190308,679408742.0,2.59,1.85,0.1,1.39,600905
2022-10-12,600905,5.52,5.58,5.6,5.44,970375,557025677.0,2.9,1.27,0.07,1.13,600905
2022-10-13,600905,5.56,5.57,5.61,5.54,814099,471589724.0,1.25,-0.18,-0.01,0.95,600905
2022-10-14,600905,5.58,5.62,5.66,5.57,1186147,691974776.0,1.62,0.9,0.05,1.38,600905
2022-10-17,600905,5.62,5.74,5.76,5.59,1562782,926607482.0,3.02,2.14,0.12,1.82,600905
2022-10-18,600905,5.76,5.71,5.77,5.68,841666,499922398.0,1.57,-0.52,-0.03,0.98,600905
2022-10-19,600905,5.69,5.68,5.75,5.66,734551,435899636.0,1.58,-0.53,-0.03,0.86,600905
2022-10-20,600905,5.66,5.72,5.75,5.63,950035,562792847.0,2.11,0.7,0.04,1.11,600905
2022-10-21,600905,5.73,5.78,5.83,5.73,1925593,1154981910.0,1.75,1.05,0.06,2.25,600905
2022-10-24,600905,5.78,5.66,5.8,5.63,1390568,827701585.0,2.94,-2.08,-0.12,1.62,600905
2022-10-25,600905,5.66,5.66,5.71,5.62,1081924,637254218.0,1.59,0.0,0.0,1.26,600905
2022-10-26,600905,5.66,5.74,5.76,5.66,915894,544359063.0,1.77,1.41,0.08,1.07,600905
2022-10-27,600905,5.72,5.6,5.75,5.58,1277670,750218137.0,2.96,-2.44,-0.14,1.49,600905
2022-10-28,600905,5.58,5.43,5.6,5.41,1172370,668130430.0,3.39,-3.04,-0.17,1.37,600905
2022-10-31,600905,5.39,5.35,5.43,5.34,924157,517230778.0,1.66,-1.47,-0.08,1.08,600905
2022-11-01,600905,5.37,5.48,5.49,5.37,1057739,599128573.0,2.24,2.43,0.13,1.23,600905
2022-11-02,600905,5.46,5.48,5.5,5.43,1004603,570516040.0,1.28,0.0,0.0,1.17,600905
2022-11-03,600905,5.45,5.41,5.47,5.37,952174,536779713.0,1.82,-1.28,-0.07,1.11,600905
2022-11-04,600905,5.4,5.49,5.52,5.39,1408097,802399866.0,2.4,1.48,0.08,1.64,600905
2022-11-07,600905,5.51,5.48,5.51,5.45,1165780,664460807.0,1.09,-0.18,-0.01,1.36,600905
2022-11-08,600905,5.48,5.47,5.49,5.43,710551,403215347.0,1.09,-0.18,-0.01,0.83,600905
2022-11-09,600905,5.46,5.45,5.49,5.44,667704,379402173.0,0.91,-0.37,-0.02,0.78,600905
2022-11-10,600905,5.43,5.41,5.44,5.4,737539,415445523.0,0.73,-0.73,-0.04,0.86,600905
2022-11-11,600905,5.48,5.46,5.5,5.43,1233360,700499755.0,1.29,0.92,0.05,1.44,600905
2022-11-14,600905,5.46,5.44,5.49,5.42,1156724,656362825.0,1.28,-0.37,-0.02,1.35,600905
2022-11-15,600905,5.45,5.49,5.49,5.42,1339185,760123280.0,1.29,0.92,0.05,1.56,600905
2022-11-16,600905,5.52,5.52,5.57,5.5,1416615,816022504.0,1.28,0.55,0.03,1.65,600905
2022-11-17,600905,5.52,5.49,5.53,5.44,802572,456916665.0,1.63,-0.54,-0.03,0.94,600905
2022-11-18,600905,5.47,5.45,5.49,5.44,746538,423698568.0,0.91,-0.73,-0.04,0.87,600905
2022-11-21,600905,5.43,5.41,5.43,5.39,767052,431493529.0,0.73,-0.73,-0.04,0.89,600905
2022-11-22,600905,5.41,5.43,5.48,5.39,925988,523142527.0,1.66,0.37,0.02,1.08,600905
2022-11-23,600905,5.42,5.45,5.46,5.4,1039248,587784616.0,1.1,0.37,0.02,1.21,600905
2022-11-24,600905,5.47,5.45,5.5,5.43,915819,520683957.0,1.28,0.0,0.0,1.07,600905
2022-11-25,600905,5.44,5.48,5.49,5.43,860507,489375226.0,1.1,0.55,0.03,1.0,600905
2022-11-28,600905,5.45,5.46,5.47,5.38,839777,474035320.0,1.64,-0.36,-0.02,0.98,600905
2022-11-29,600905,5.44,5.48,5.49,5.44,1359967,773568509.0,0.92,0.37,0.02,1.59,600905
2022-11-30,600905,5.48,5.58,5.59,5.47,1995359,1151994357.0,2.19,1.82,0.1,2.33,600905
2022-12-01,600905,5.6,5.54,5.62,5.53,1324065,764671498.0,1.61,-0.72,-0.04,1.54,600905
2022-12-02,600905,5.58,5.56,5.62,5.54,1174693,680693220.0,1.44,0.36,0.02,1.37,600905
2022-12-05,600905,5.57,5.6,5.61,5.54,1477856,856737186.0,1.26,0.72,0.04,1.72,600905
2022-12-06,600905,5.58,5.54,5.59,5.53,1096982,633386927.0,1.07,-1.07,-0.06,1.28,600905
2022-12-07,600905,5.53,5.47,5.54,5.46,1231945,703508758.0,1.44,-1.26,-0.07,1.44,600905
2022-12-08,600905,5.45,5.44,5.47,5.42,975975,552419158.0,0.91,-0.55,-0.03,1.14,600905
2022-12-09,600905,5.42,5.46,5.47,5.42,707317,400811608.0,0.92,0.37,0.02,0.83,600905
2022-12-12,600905,5.43,5.41,5.45,5.39,829509,467099623.0,1.1,-0.92,-0.05,0.97,600905
2022-12-13,600905,5.4,5.41,5.42,5.39,560387,315346451.0,0.55,0.0,0.0,0.65,600905
2022-12-14,600905,5.41,5.37,5.41,5.36,774808,433556038.0,0.92,-0.74,-0.04,0.9,600905
2022-12-15,600905,5.37,5.34,5.38,5.33,627870,349186865.0,0.93,-0.56,-0.03,0.73,600905
2022-12-16,600905,5.33,5.42,5.42,5.32,916197,511499009.0,1.87,1.5,0.08,1.07,600905
2022-12-19,600905,5.39,5.37,5.41,5.33,926036,516946337.0,1.48,-0.92,-0.05,1.08,600905
2022-12-20,600905,5.35,5.34,5.36,5.33,485431,269819611.0,0.56,-0.56,-0.03,0.57,600905
2022-12-21,600905,5.34,5.29,5.35,5.29,546907,302677135.0,1.12,-0.94,-0.05,0.64,600905
2022-12-22,600905,5.32,5.25,5.32,5.23,603107,331261817.0,1.7,-0.76,-0.04,0.7,600905
2022-12-23,600905,5.24,5.26,5.28,5.22,437607,239742261.0,1.14,0.19,0.01,0.51,600905
2022-12-26,600905,5.27,5.29,5.31,5.26,422728,232827098.0,0.95,0.57,0.03,0.49,600905
2022-12-27,600905,5.3,5.31,5.32,5.29,334085,184602069.0,0.57,0.38,0.02,0.39,600905
2022-12-28,600905,5.3,5.47,5.53,5.28,2427843,1378441955.0,4.71,3.01,0.16,2.83,600905
2022-12-29,600905,5.45,5.48,5.51,5.42,1111316,632477545.0,1.65,0.18,0.01,1.3,600905
2022-12-30,600905,5.49,5.43,5.5,5.4,967404,547343490.0,1.82,-0.91,-0.05,1.13,600905
2023-01-03,600905,5.43,5.62,5.65,5.42,2425521,1401521695.0,4.24,3.5,0.19,2.83,600905
2023-01-04,600905,5.6,5.6,5.63,5.56,938872,545808255.0,1.25,-0.36,-0.02,1.1,600905
2023-01-05,600905,5.61,5.61,5.67,5.58,1429362,835743910.0,1.61,0.18,0.01,1.67,600905
2023-01-06,600905,5.62,5.75,5.78,5.61,2373093,1414390600.0,3.03,2.5,0.14,2.77,600905
2023-01-09,600905,5.75,5.69,5.79,5.68,1558419,927078763.0,1.91,-1.04,-0.06,1.82,600905
2023-01-10,600905,5.68,5.65,5.73,5.64,930859,548860247.0,1.58,-0.7,-0.04,1.09,600905
2023-01-11,600905,5.66,5.6,5.7,5.58,986575,577324586.0,2.12,-0.88,-0.05,1.15,600905
2023-01-12,600905,5.6,5.64,5.7,5.59,736956,433076410.0,1.96,0.71,0.04,0.86,600905
2023-01-13,600905,5.66,5.62,5.67,5.58,765348,446275564.0,1.6,-0.35,-0.02,0.89,600905
2023-01-16,600905,5.62,5.64,5.67,5.59,1060142,620039035.0,1.42,0.36,0.02,1.24,600905
2023-01-17,600905,5.63,5.58,5.64,5.56,754412,438033289.0,1.42,-1.06,-0.06,0.88,600905
2023-01-18,600905,5.58,5.56,5.6,5.53,676705,390719258.0,1.25,-0.36,-0.02,0.79,600905
2023-01-19,600905,5.54,5.53,5.56,5.49,1101345,631017037.0,1.26,-0.54,-0.03,1.28,600905
2023-01-20,600905,5.54,5.58,5.58,5.51,1156328,667140759.0,1.27,0.9,0.05,1.35,600905
2023-01-30,600905,5.64,5.57,5.66,5.55,1472560,854094016.0,1.97,-0.18,-0.01,1.72,600905
2023-01-31,600905,5.56,5.53,5.56,5.5,1394142,800271605.0,1.08,-0.72,-0.04,1.63,600905
2023-02-01,600905,5.53,5.57,5.57,5.5,1245658,716824209.0,1.27,0.72,0.04,1.45,600905
2023-02-02,600905,5.57,5.52,5.57,5.51,1214848,698119754.0,1.08,-0.9,-0.05,1.42,600905
2023-02-03,600905,5.51,5.47,5.52,5.44,1200171,683098852.0,1.45,-0.91,-0.05,1.4,600905
2023-02-06,600905,5.47,5.5,5.54,5.45,958699,548693308.0,1.65,0.55,0.03,1.12,600905
2023-02-07,600905,5.5,5.48,5.51,5.47,706004,402770293.0,0.73,-0.36,-0.02,0.82,600905
2023-02-08,600905,5.47,5.42,5.48,5.41,1557757,880873769.0,1.28,-1.09,-0.06,1.82,600905
2023-02-09,600905,5.41,5.44,5.45,5.4,940737,531335203.0,0.92,0.37,0.02,1.1,600905
2023-02-10,600905,5.44,5.49,5.5,5.42,1274062,724386608.0,1.47,0.92,0.05,1.49,600905
2023-02-13,600905,5.52,5.48,5.53,5.46,1457880,831011579.0,1.28,-0.18,-0.01,1.7,600905
2023-02-14,600905,5.49,5.45,5.49,5.42,1516816,858096699.0,1.28,-0.55,-0.03,1.77,600905
2023-02-15,600905,5.44,5.42,5.45,5.41,984762,555037828.0,0.73,-0.55,-0.03,1.15,600905
2023-02-16,600905,5.42,5.38,5.44,5.31,1838130,1031749556.0,2.4,-0.74,-0.04,2.14,600905
2023-02-17,600905,5.36,5.34,5.39,5.33,921403,513948885.0,1.12,-0.74,-0.04,1.08,600905
2023-02-20,600905,5.34,5.4,5.4,5.33,1092944,609750677.0,1.31,1.12,0.06,1.28,600905
2023-02-21,600905,5.4,5.4,5.42,5.38,896159,503549961.0,0.74,0.0,0.0,1.05,600905
2023-02-22,600905,5.38,5.4,5.42,5.37,592412,332887579.0,0.93,0.0,0.0,0.69,600905
2023-02-23,600905,5.4,5.39,5.42,5.38,581080,326071021.0,0.74,-0.19,-0.01,0.68,600905
2023-02-24,600905,5.39,5.36,5.4,5.34,633791,354037524.0,1.11,-0.56,-0.03,0.74,600905
2023-02-27,600905,5.35,5.35,5.36,5.33,479437,266847866.0,0.56,-0.19,-0.01,0.56,600905
2023-02-28,600905,5.35,5.37,5.39,5.34,712049,397374871.0,0.93,0.37,0.02,0.83,600905
2023-03-01,600905,5.38,5.44,5.46,5.36,1318733,744577061.0,1.86,1.3,0.07,1.54,600905
2023-03-02,600905,5.43,5.44,5.45,5.41,898520,508109884.0,0.74,0.0,0.0,1.05,600905
2023-03-03,600905,5.44,5.49,5.51,5.44,1372379,781682125.0,1.29,0.92,0.05,1.6,600905
2023-03-06,600905,5.5,5.45,5.52,5.45,887545,504852074.0,1.28,-0.73,-0.04,1.04,600905
2023-03-07,600905,5.45,5.42,5.48,5.42,1186049,672893404.0,1.1,-0.55,-0.03,1.38,600905
2023-03-08,600905,5.41,5.4,5.42,5.36,803215,450206586.0,1.11,-0.37,-0.02,0.94,600905
2023-03-09,600905,5.4,5.36,5.4,5.35,734259,410265066.0,0.93,-0.74,-0.04,0.86,600905
2023-03-10,600905,5.34,5.33,5.36,5.33,837474,465590946.0,0.56,-0.56,-0.03,0.98,600905
2023-03-13,600905,5.32,5.35,5.38,5.31,802421,446655407.0,1.31,0.38,0.02,0.94,600905
2023-03-14,600905,5.34,5.33,5.39,5.32,1294242,721018237.0,1.31,-0.37,-0.02,1.51,600905
2023-03-15,600905,5.35,5.35,5.37,5.33,922044,513269070.0,0.75,0.38,0.02,1.08,600905
2023-03-16,600905,5.33,5.27,5.34,5.26,1237225,682814176.0,1.5,-1.5,-0.08,1.44,600905
2023-03-17,600905,5.29,5.27,5.32,5.27,858546,473297822.0,0.95,0.0,0.0,1.0,600905
2023-03-20,600905,5.27,5.24,5.32,5.24,1109080,608735246.0,1.52,-0.57,-0.03,1.29,600905
2023-03-21,600905,5.24,5.26,5.27,5.24,878756,480714755.0,0.57,0.38,0.02,1.03,600905
2023-03-22,600905,5.27,5.27,5.29,5.25,748624,410804059.0,0.76,0.19,0.01,0.87,600905
2023-03-23,600905,5.27,5.33,5.37,5.25,1035559,573503796.0,2.28,1.14,0.06,0.76,600905
2023-03-24,600905,5.33,5.31,5.33,5.29,683096,377369062.0,0.75,-0.38,-0.02,0.5,600905
2023-03-27,600905,5.31,5.26,5.31,5.25,905581,497427226.0,1.13,-0.94,-0.05,0.67,600905
2023-03-28,600905,5.26,5.25,5.29,5.24,732824,401129170.0,0.95,-0.19,-0.01,0.54,600905
2023-03-29,600905,5.26,5.25,5.27,5.23,664564,363153246.0,0.76,0.0,0.0,0.49,600905
2023-03-30,600905,5.24,5.22,5.25,5.2,895050,487007496.0,0.95,-0.57,-0.03,0.66,600905
2023-03-31,600905,5.23,5.26,5.26,5.22,584623,319300002.0,0.77,0.77,0.04,0.43,600905
2023-04-03,600905,5.26,5.29,5.31,5.25,1035745,569522081.0,1.14,0.57,0.03,0.76,600905
2023-04-04,600905,5.3,5.29,5.32,5.27,835986,460513814.0,0.95,0.0,0.0,0.62,600905
2023-04-06,600905,5.29,5.25,5.29,5.23,901481,492471891.0,1.13,-0.76,-0.04,0.66,600905
2023-04-07,600905,5.24,5.26,5.27,5.23,703218,384699986.0,0.76,0.19,0.01,0.52,600905
2023-04-10,600905,5.26,5.31,5.32,5.25,1098923,606182026.0,1.33,0.95,0.05,0.81,600905
2023-04-11,600905,5.31,5.29,5.32,5.26,780278,429469111.0,1.13,-0.38,-0.02,0.57,600905
2023-04-12,600905,5.3,5.28,5.31,5.27,677896,372875072.0,0.76,-0.19,-0.01,0.5,600905
2023-04-13,600905,5.29,5.31,5.37,5.29,1234235,685136529.0,1.52,0.57,0.03,0.91,600905
2023-04-14,600905,5.32,5.34,5.35,5.3,1006924,558579721.0,0.94,0.56,0.03,0.74,600905
2023-04-17,600905,5.35,5.37,5.37,5.31,1092594,608280438.0,1.12,0.56,0.03,0.8,600905
2023-04-18,600905,5.37,5.34,5.37,5.33,723767,402591712.0,0.74,-0.56,-0.03,0.53,600905
2023-04-19,600905,5.34,5.34,5.37,5.33,872810,486164399.0,0.75,0.0,0.0,0.64,600905
2023-04-20,600905,5.35,5.31,5.35,5.29,862440,476723486.0,1.12,-0.56,-0.03,0.64,600905
2023-04-21,600905,5.32,5.24,5.32,5.24,1144163,628879736.0,1.51,-1.32,-0.07,0.84,600905
2023-04-24,600905,5.24,5.23,5.27,5.22,715581,390862707.0,0.95,-0.19,-0.01,0.53,600905
2023-04-25,600905,5.23,5.14,5.25,5.1,1291810,695627023.0,2.87,-1.72,-0.09,0.95,600905
2023-04-26,600905,5.12,5.18,5.2,5.12,745401,402273237.0,1.56,0.78,0.04,0.55,600905
2023-04-27,600905,5.19,5.15,5.19,5.14,696577,374394472.0,0.97,-0.58,-0.03,0.51,600905
2023-04-28,600905,5.15,5.2,5.22,5.14,829173,447481538.0,1.55,0.97,0.05,0.61,600905
2023-05-04,600905,5.19,5.24,5.25,5.16,1080334,587449229.0,1.73,0.77,0.04,0.8,600905
2023-05-05,600905,5.24,5.24,5.26,5.19,822787,447433315.0,1.34,0.0,0.0,0.61,600905
2023-05-08,600905,5.24,5.29,5.3,5.23,1230943,676519817.0,1.34,0.95,0.05,0.91,600905
2023-05-09,600905,5.31,5.28,5.36,5.28,1836413,1018050262.0,1.51,-0.19,-0.01,1.35,600905
2023-05-10,600905,5.28,5.25,5.31,5.23,1085770,595366416.0,1.52,-0.57,-0.03,0.8,600905
2023-05-11,600905,5.24,5.28,5.32,5.23,773158,425519165.0,1.71,0.57,0.03,0.57,600905
2023-05-12,600905,5.29,5.28,5.33,5.25,835330,460515061.0,1.52,0.0,0.0,0.62,600905
2023-05-15,600905,5.27,5.29,5.3,5.24,877255,481292127.0,1.14,0.19,0.01,0.65,600905
2023-05-16,600905,5.28,5.29,5.32,5.27,828885,457077397.0,0.95,0.0,0.0,0.61,600905
2023-05-17,600905,5.28,5.27,5.31,5.25,674305,370395653.0,1.13,-0.38,-0.02,0.5,600905
2023-05-18,600905,5.27,5.22,5.3,5.22,900690,492775409.0,1.52,-0.95,-0.05,0.66,600905
2023-05-19,600905,5.22,5.18,5.23,5.17,850676,459790269.0,1.15,-0.77,-0.04,0.63,600905
2023-05-22,600905,5.17,5.34,5.36,5.17,2226616,1228993482.0,3.67,3.09,0.16,1.64,600905
2023-05-23,600905,5.33,5.26,5.34,5.25,1173019,645504502.0,1.69,-1.5,-0.08,0.86,600905
2023-05-24,600905,5.24,5.18,5.27,5.17,1212547,658504177.0,1.9,-1.52,-0.08,0.89,600905
2023-05-25,600905,5.18,5.2,5.22,5.17,866379,469205952.0,0.97,0.39,0.02,0.64,600905
2023-05-26,600905,5.2,5.19,5.21,5.16,718945,388144671.0,0.96,-0.19,-0.01,0.53,600905
2023-05-29,600905,5.2,5.26,5.26,5.19,1101882,601696512.0,1.35,1.35,0.07,0.81,600905
2023-05-30,600905,5.26,5.24,5.27,5.19,819226,446366171.0,1.52,-0.38,-0.02,0.6,600905
2023-05-31,600905,5.23,5.21,5.24,5.19,829217,449891328.0,0.95,-0.57,-0.03,0.61,600905
2023-06-01,600905,5.21,5.19,5.23,5.18,836343,453132045.0,0.96,-0.38,-0.02,0.62,600905
2023-06-02,600905,5.19,5.2,5.21,5.18,856698,463776439.0,0.58,0.19,0.01,0.63,600905
2023-06-05,600905,5.2,5.17,5.2,5.16,809037,436523483.0,0.77,-0.58,-0.03,0.6,600905
2023-06-06,600905,5.17,5.1,5.18,5.1,1189609,635561298.0,1.55,-1.35,-0.07,0.88,600905
2023-06-07,600905,5.1,5.04,5.11,5.02,1182968,624003453.0,1.76,-1.18,-0.06,0.87,600905
2023-06-08,600905,5.03,4.99,5.04,4.95,1434549,746304338.0,1.79,-0.99,-0.05,1.06,600905
2023-06-09,600905,4.98,5.23,5.23,4.96,2520235,1338141615.0,5.41,4.81,0.24,1.86,600905
2023-06-12,600905,5.17,5.15,5.21,5.12,1403582,757151088.0,1.72,-1.53,-0.08,1.03,600905
2023-06-13,600905,5.15,5.11,5.17,5.07,786175,418600034.0,1.94,-0.78,-0.04,0.58,600905
2023-06-14,600905,5.1,5.03,5.1,5.02,806711,425059624.0,1.57,-1.57,-0.08,0.59,600905
2023-06-15,600905,5.02,5.07,5.08,5.02,538076,283828123.0,1.19,0.8,0.04,0.4,600905
2023-06-16,600905,5.07,5.12,5.13,5.04,761298,404169798.0,1.78,0.99,0.05,0.56,600905
2023-06-19,600905,5.12,5.09,5.12,5.08,520162,276666298.0,0.78,-0.59,-0.03,0.38,600905
2023-06-20,600905,5.09,5.06,5.09,5.05,450285,237944595.0,0.79,-0.59,-0.03,0.33,600905
2023-06-21,600905,5.06,5.06,5.13,5.05,600411,319195677.0,1.58,0.0,0.0,0.44,600905
2023-06-26,600905,5.04,5.1,5.12,5.02,742748,394703131.0,1.98,0.79,0.04,0.55,600905
2023-06-27,600905,5.11,5.1,5.12,5.05,615366,326811728.0,1.37,0.0,0.0,0.45,600905
2023-06-28,600905,5.11,5.19,5.2,5.09,1436851,774269562.0,2.16,1.76,0.09,1.06,600905
2023-06-29,600905,5.18,5.15,5.19,5.13,651919,350246341.0,1.16,-0.77,-0.04,0.48,600905
2023-06-30,600905,5.14,5.15,5.17,5.14,502950,270099702.0,0.58,0.0,0.0,0.37,600905
2023-07-03,600905,5.15,5.17,5.2,5.14,624913,337268769.0,1.17,0.39,0.02,0.46,600905
2023-07-04,600905,5.17,5.15,5.19,5.14,440468,236940205.0,0.97,-0.39,-0.02,0.32,600905
2023-07-05,600905,5.15,5.14,5.18,5.14,380901,204549733.0,0.78,-0.19,-0.01,0.28,600905
2023-07-06,600905,5.14,5.11,5.15,5.1,427035,228047698.0,0.97,-0.58,-0.03,0.31,600905
2023-07-07,600905,5.11,5.13,5.16,5.11,434331,232339036.0,0.98,0.39,0.02,0.32,600905
2023-07-10,600905,5.15,5.14,5.18,5.13,475864,255543059.0,0.97,0.19,0.01,0.35,600905
2023-07-11,600905,5.15,5.15,5.16,5.12,440555,236020181.0,0.78,0.19,0.01,0.32,600905
2023-07-12,600905,5.16,5.14,5.17,5.13,444865,238710002.0,0.78,-0.19,-0.01,0.33,600905
2023-07-13,600905,5.14,5.17,5.18,5.14,635158,341844202.0,0.78,0.58,0.03,0.47,600905
2023-07-14,600905,5.16,5.14,5.17,5.14,577180,309868764.0,0.58,-0.58,-0.03,0.43,600905
2023-07-17,600905,5.15,5.13,5.16,5.12,378416,202528877.0,0.78,-0.19,-0.01,0.28,600905
2023-07-18,600905,5.13,5.1,5.14,5.08,417988,222355524.0,1.17,-0.58,-0.03,0.31,600905
2023-07-19,600905,5.09,5.1,5.11,5.08,315793,168024507.0,0.59,0.0,0.0,0.23,600905
2023-07-20,600905,5.1,5.09,5.12,5.09,459011,244135882.0,0.59,-0.2,-0.01,0.34,600905
2023-07-21,600905,5.09,5.08,5.11,5.08,406616,215848785.0,0.59,-0.2,-0.01,0.3,600905
2023-07-24,600905,5.06,5.07,5.08,5.05,400750,211767902.0,0.59,-0.2,-0.01,0.3,600905
2023-07-25,600905,5.09,5.11,5.11,5.07,612524,325225941.0,0.79,0.79,0.04,0.45,600905
2023-07-26,600905,5.1,5.12,5.12,5.09,457726,243615759.0,0.59,0.2,0.01,0.34,600905
2023-07-27,600905,5.12,5.08,5.12,5.08,562798,299449416.0,0.78,-0.78,-0.04,0.41,600905
2023-07-28,600905,5.07,5.14,5.15,5.07,1022494,546193568.0,1.57,1.18,0.06,0.75,600905
2023-07-31,600905,5.15,5.17,5.18,5.14,967352,521106053.0,0.78,0.58,0.03,0.71,600905
2023-08-01,600905,5.17,5.22,5.22,5.16,1075366,582400846.0,1.16,0.97,0.05,0.79,600905
2023-08-02,600905,5.21,5.2,5.22,5.17,562297,304123797.0,0.96,-0.38,-0.02,0.41,600905
2023-08-03,600905,5.18,5.21,5.22,5.17,663519,359298350.0,0.96,0.19,0.01,0.49,600905
2023-08-04,600905,5.23,5.21,5.27,5.2,940983,512428363.0,1.34,0.0,0.0,0.69,600905
2023-08-07,600905,5.21,5.21,5.22,5.16,868700,469336828.0,1.15,0.0,0.0,0.64,600905
2023-08-08,600905,5.2,5.17,5.22,5.15,659664,356083998.0,1.34,-0.77,-0.04,0.49,600905
2023-08-09,600905,5.17,5.12,5.18,5.12,719400,385109661.0,1.16,-0.97,-0.05,0.53,600905
2023-08-10,600905,5.15,5.16,5.17,5.13,521003,275595314.0,0.78,0.78,0.04,0.38,600905
2023-08-11,600905,5.16,5.09,5.17,5.09,631307,331456512.0,1.55,-1.36,-0.07,0.47,600905
2023-08-14,600905,5.07,5.05,5.09,5.03,774633,401929185.0,1.18,-0.79,-0.04,0.57,600905
2023-08-15,600905,5.05,5.05,5.07,5.03,661614,343314288.0,0.79,0.0,0.0,0.49,600905
2023-08-16,600905,5.05,5.06,5.07,5.04,405839,210669696.0,0.59,0.2,0.01,0.3,600905
2023-08-17,600905,5.05,5.05,5.05,5.01,475455,245817663.0,0.79,-0.2,-0.01,0.35,600905
2023-08-18,600905,5.05,5.0,5.05,5.0,556864,287514680.0,0.99,-0.99,-0.05,0.41,600905
2023-08-21,600905,4.99,4.94,5.0,4.94,737678,376184988.0,1.2,-1.2,-0.06,0.54,600905
2023-08-22,600905,4.94,4.9,4.96,4.86,869966,438405888.0,2.02,-0.81,-0.04,0.64,600905
2023-08-23,600905,4.9,4.87,4.92,4.86,606234,304979138.0,1.22,-0.61,-0.03,0.45,600905
2023-08-24,600905,4.86,4.82,4.88,4.77,839487,416234172.0,2.26,-1.03,-0.05,0.62,600905
2023-08-25,600905,4.81,4.81,4.84,4.78,592061,293203663.0,1.24,-0.21,-0.01,0.44,600905
2023-08-28,600905,4.96,4.82,5.01,4.8,1149201,579576135.0,4.37,0.21,0.01,0.85,600905
2023-08-29,600905,4.83,4.88,4.9,4.81,703941,352940696.0,1.87,1.24,0.06,0.52,600905
2023-08-30,600905,4.89,4.87,4.92,4.86,555345,278862214.0,1.23,-0.2,-0.01,0.41,600905
2023-08-31,600905,4.81,4.78,4.83,4.77,948052,467364355.0,1.23,-1.85,-0.09,0.7,600905
2023-09-01,600905,4.78,4.78,4.81,4.76,664334,326683948.0,1.05,0.0,0.0,0.49,600905
2023-09-04,600905,4.79,4.82,4.82,4.77,782556,386470671.0,1.05,0.84,0.04,0.58,600905
2023-09-05,600905,4.81,4.84,4.85,4.8,689273,342695104.0,1.04,0.41,0.02,0.51,600905
2023-09-06,600905,4.82,4.8,4.83,4.79,594482,294032402.0,0.83,-0.83,-0.04,0.44,600905
2023-09-07,600905,4.81,4.73,4.81,4.73,1033380,506269631.0,1.67,-1.46,-0.07,0.76,600905
2023-09-08,600905,4.72,4.7,4.73,4.68,578482,280309169.0,1.06,-0.63,-0.03,0.43,600905
2023-09-11,600905,4.72,4.72,4.75,4.7,546595,265668870.0,1.06,0.43,0.02,0.4,600905
2023-09-12,600905,4.73,4.76,4.79,4.72,658685,322925483.0,1.48,0.85,0.04,0.49,600905
2023-09-13,600905,4.76,4.72,4.77,4.7,508461,247231291.0,1.47,-0.84,-0.04,0.37,600905
2023-09-14,600905,4.71,4.71,4.74,4.7,540520,262532849.0,0.85,-0.21,-0.01,0.4,600905
2023-09-15,600905,4.72,4.68,4.73,4.68,643685,311453628.0,1.06,-0.64,-0.03,0.47,600905
2023-09-18,600905,4.68,4.68,4.69,4.64,499133,239855902.0,1.07,0.0,0.0,0.37,600905
2023-09-19,600905,4.68,4.65,4.68,4.63,650176,311247156.0,1.07,-0.64,-0.03,0.48,600905
2023-09-20,600905,4.63,4.57,4.64,4.56,900602,425830448.0,1.72,-1.72,-0.08,0.66,600905
2023-09-21,600905,4.56,4.53,4.59,4.53,698163,327716899.0,1.31,-0.88,-0.04,0.51,600905
2023-09-22,600905,4.52,4.62,4.63,4.51,1051168,496520637.0,2.65,1.99,0.09,0.77,600905
2023-09-25,600905,4.62,4.6,4.63,4.59,510499,242162889.0,0.87,-0.43,-0.02,0.38,600905
2023-09-26,600905,4.6,4.59,4.61,4.57,352779,166877971.0,0.87,-0.22,-0.01,0.26,600905
2023-09-27,600905,4.59,4.62,4.64,4.58,571377,272236550.0,1.31,0.65,0.03,0.42,600905
2023-09-28,600905,4.63,4.64,4.66,4.62,426299,203784752.0,0.87,0.43,0.02,0.31,600905
2023-10-09,600905,4.64,4.62,4.65,4.6,625104,297525352.0,1.08,-0.43,-0.02,0.46,600905
2023-10-10,600905,4.62,4.58,4.67,4.58,722961,344279771.0,1.95,-0.87,-0.04,0.53,600905
2023-10-11,600905,4.6,4.61,4.62,4.58,472057,223600157.0,0.87,0.66,0.03,0.35,600905
2023-10-12,600905,4.61,4.65,4.66,4.6,574608,274695206.0,1.3,0.87,0.04,0.42,600905
2023-10-13,600905,4.64,4.63,4.66,4.62,372886,178194922.0,0.86,-0.43,-0.02,0.27,600905
2023-10-16,600905,4.64,4.61,4.67,4.59,457496,217984750.0,1.73,-0.43,-0.02,0.34,600905
2023-10-17,600905,4.66,4.66,4.72,4.64,846995,407319845.0,1.74,1.08,0.05,0.62,600905
2023-10-18,600905,4.66,4.67,4.67,4.6,703315,335457908.0,1.5,0.21,0.01,0.52,600905
2023-10-19,600905,4.64,4.57,4.65,4.54,800918,379412516.0,2.36,-2.14,-0.1,0.59,600905
2023-10-20,600905,4.55,4.59,4.64,4.52,948427,449694066.0,2.63,0.44,0.02,0.7,600905
2023-10-23,600905,4.6,4.5,4.62,4.45,768004,358175082.0,3.7,-1.96,-0.09,0.57,600905
2023-10-24,600905,4.5,4.5,4.52,4.43,662991,306401263.0,2.0,0.0,0.0,0.49,600905
2023-10-25,600905,4.52,4.56,4.58,4.51,724915,340508670.0,1.56,1.33,0.06,0.53,600905
2023-10-26,600905,4.55,4.61,4.62,4.54,707419,334450866.0,1.75,1.1,0.05,0.52,600905
2023-10-27,600905,4.61,4.65,4.68,4.6,758886,364144422.0,1.74,0.87,0.04,0.56,600905
2023-10-30,600905,4.63,4.63,4.67,4.62,606897,290018672.0,1.08,-0.43,-0.02,0.45,600905
2023-10-31,600905,4.63,4.66,4.68,4.62,633013,303750047.0,1.3,0.65,0.03,0.47,600905
2023-11-01,600905,4.68,4.64,4.68,4.64,429237,205670905.0,0.86,-0.43,-0.02,0.32,600905
2023-11-02,600905,4.64,4.62,4.66,4.6,426141,203241346.0,1.29,-0.43,-0.02,0.31,600905
2023-11-03,600905,4.62,4.64,4.67,4.61,440728,211041995.0,1.3,0.43,0.02,0.32,600905
2023-11-06,600905,4.65,4.65,4.67,4.64,612910,293487781.0,0.65,0.22,0.01,0.45,600905
2023-11-07,600905,4.64,4.63,4.65,4.61,451506,215225101.0,0.86,-0.43,-0.02,0.33,600905
2023-11-08,600905,4.63,4.6,4.63,4.58,499729,237307441.0,1.08,-0.65,-0.03,0.37,600905
2023-11-09,600905,4.6,4.62,4.64,4.59,367842,175146697.0,1.09,0.43,0.02,0.27,600905
2023-11-10,600905,4.62,4.59,4.62,4.57,474669,224533056.0,1.08,-0.65,-0.03,0.35,600905
2023-11-13,600905,4.6,4.6,4.63,4.58,353112,167278644.0,1.09,0.22,0.01,0.26,600905
2023-11-14,600905,4.61,4.62,4.63,4.59,457124,217247895.0,0.87,0.43,0.02,0.34,600905
2023-11-15,600905,4.62,4.64,4.64,4.61,507482,242115901.0,0.65,0.43,0.02,0.37,600905
2023-11-16,600905,4.64,4.6,4.64,4.59,417630,198335947.0,1.08,-0.86,-0.04,0.31,600905
2023-11-17,600905,4.59,4.58,4.61,4.56,548300,258584747.0,1.09,-0.43,-0.02,0.4,600905
2023-11-20,600905,4.59,4.6,4.61,4.57,445201,210575325.0,0.87,0.44,0.02,0.33,600905
2023-11-21,600905,4.6,4.6,4.61,4.59,406906,192908518.0,0.43,0.0,0.0,0.3,600905
2023-11-22,600905,4.59,4.54,4.59,4.54,556619,261887792.0,1.09,-1.3,-0.06,0.41,600905
2023-11-23,600905,4.54,4.55,4.56,4.52,415605,194439674.0,0.88,0.22,0.01,0.31,600905
2023-11-24,600905,4.54,4.51,4.55,4.5,486980,227069509.0,1.1,-0.88,-0.04,0.36,600905
2023-11-27,600905,4.51,4.49,4.51,4.46,548935,253540423.0,1.11,-0.44,-0.02,0.4,600905
2023-11-28,600905,4.49,4.5,4.52,4.47,410595,190151643.0,1.11,0.22,0.01,0.3,600905
2023-11-29,600905,4.5,4.46,4.51,4.45,464071,213834538.0,1.33,-0.89,-0.04,0.34,600905
2023-11-30,600905,4.47,4.46,4.51,4.45,726810,334963156.0,1.35,0.0,0.0,0.54,600905
2023-12-01,600905,4.47,4.48,4.49,4.45,515581,237625184.0,0.9,0.45,0.02,0.38,600905
2023-12-04,600905,4.47,4.46,4.5,4.46,408279,188359583.0,0.89,-0.45,-0.02,0.3,600905
2023-12-05,600905,4.46,4.35,4.47,4.35,809959,368927784.0,2.69,-2.47,-0.11,0.6,600905
2023-12-06,600905,4.36,4.31,4.36,4.3,759936,338598006.0,1.38,-0.92,-0.04,0.56,600905
2023-12-07,600905,4.3,4.28,4.3,4.23,797876,351109233.0,1.62,-0.7,-0.03,0.59,600905
2023-12-08,600905,4.28,4.3,4.38,4.27,756740,337900573.0,2.57,0.47,0.02,0.56,600905
2023-12-11,600905,4.28,4.35,4.37,4.24,761129,338295161.0,3.02,1.16,0.05,0.56,600905
2023-12-12,600905,4.35,4.39,4.39,4.33,507849,228925863.0,1.38,0.92,0.04,0.37,600905
2023-12-13,600905,4.38,4.34,4.39,4.33,405954,182862493.0,1.37,-1.14,-0.05,0.3,600905
2023-12-14,600905,4.34,4.33,4.37,4.33,456735,204851795.0,0.92,-0.23,-0.01,0.34,600905
2023-12-15,600905,4.34,4.28,4.36,4.27,526712,234310371.0,2.08,-1.15,-0.05,0.39,600905
2023-12-18,600905,4.27,4.24,4.3,4.23,443322,195105172.0,1.64,-0.93,-0.04,0.33,600905
2023-12-19,600905,4.24,4.27,4.28,4.22,497348,218366253.0,1.42,0.71,0.03,0.37,600905
2023-12-20,600905,4.27,4.18,4.32,4.17,741896,324062823.0,3.51,-2.11,-0.09,0.55,600905
2023-12-21,600905,4.16,4.18,4.21,4.14,737103,318743853.0,1.67,0.0,0.0,0.54,600905
2023-12-22,600905,4.2,4.2,4.23,4.16,761829,330666561.0,1.67,0.48,0.02,0.56,600905
2023-12-25,600905,4.19,4.19,4.21,4.17,378565,163905413.0,0.95,-0.24,-0.01,0.28,600905
2023-12-26,600905,4.18,4.18,4.2,4.16,375000,162010829.0,0.95,-0.24,-0.01,0.28,600905
2023-12-27,600905,4.18,4.18,4.21,4.14,574230,248055812.0,1.67,0.0,0.0,0.42,600905
2023-12-28,600905,4.18,4.25,4.26,4.17,970498,423913569.0,2.15,1.67,0.07,0.72,600905
2023-12-29,600905,4.25,4.23,4.26,4.21,751354,328329405.0,1.18,-0.47,-0.02,0.55,600905
2024-01-02,600905,4.23,4.23,4.26,4.21,639893,280434731.0,1.18,0.0,0.0,0.47,600905
2024-01-03,600905,4.23,4.28,4.3,4.22,699498,308349818.0,1.89,1.18,0.05,0.52,600905
2024-01-04,600905,4.28,4.24,4.29,4.21,680614,298174300.0,1.87,-0.93,-0.04,0.5,600905
2024-01-05,600905,4.23,4.21,4.28,4.19,679322,297429889.0,2.12,-0.71,-0.03,0.5,600905
2024-01-08,600905,4.21,4.15,4.22,4.14,788364,339375195.0,1.9,-1.43,-0.06,0.58,600905
2024-01-09,600905,4.15,4.16,4.19,4.12,594436,255584016.0,1.69,0.24,0.01,0.44,600905
2024-01-10,600905,4.15,4.15,4.17,4.12,406590,174553709.0,1.2,-0.24,-0.01,0.3,600905
2024-01-11,600905,4.14,4.18,4.19,4.12,480553,206796353.0,1.69,0.72,0.03,0.35,600905
2024-01-12,600905,4.18,4.22,4.25,4.17,627696,274028830.0,1.91,0.96,0.04,0.46,600905
2024-01-15,600905,4.21,4.2,4.23,4.19,364669,158445420.0,0.95,-0.47,-0.02,0.27,600905
2024-01-16,600905,4.2,4.16,4.2,4.1,886853,379681019.0,2.38,-0.95,-0.04,0.65,600905
2024-01-17,600905,4.15,4.08,4.15,4.08,931663,395669081.0,1.68,-1.92,-0.08,0.69,600905
2024-01-18,600905,4.07,4.08,4.11,3.94,1562210,648996687.0,4.17,0.0,0.0,1.15,600905
2024-01-19,600905,4.07,4.11,4.16,4.02,1154110,491128433.0,3.43,0.74,0.03,0.85,600905
2024-01-22,600905,4.15,4.1,4.16,4.04,1376739,586354964.0,2.92,-0.24,-0.01,1.01,600905
2024-01-23,600905,4.1,4.12,4.14,4.04,892449,378399863.0,2.44,0.49,0.02,0.66,600905
2024-01-24,600905,4.12,4.22,4.23,4.1,1132706,487163601.0,3.16,2.43,0.1,0.83,600905
2024-01-25,600905,4.22,4.33,4.33,4.21,1264697,560126767.0,2.84,2.61,0.11,0.93,600905
2024-01-26,600905,4.31,4.31,4.33,4.27,950193,422029899.0,1.39,-0.46,-0.02,0.7,600905
2024-01-29,600905,4.31,4.3,4.34,4.29,765801,341147936.0,1.16,-0.23,-0.01,0.56,600905
2024-01-30,600905,4.29,4.26,4.33,4.26,748011,332147330.0,1.63,-0.93,-0.04,0.55,600905
2024-01-31,600905,4.26,4.29,4.33,4.24,1053128,466935964.0,2.11,0.7,0.03,0.78,600905
2024-02-01,600905,4.27,4.25,4.3,4.23,774999,341638774.0,1.63,-0.93,-0.04,0.57,600905
2024-02-02,600905,4.25,4.25,4.31,4.11,1295280,568600827.0,4.71,0.0,0.0,0.95,600905
2024-02-05,600905,4.24,4.28,4.31,4.13,1559134,682966208.0,4.24,0.71,0.03,1.15,600905
2024-02-06,600905,4.27,4.42,4.42,4.26,1586431,715876833.0,3.74,3.27,0.14,1.17,600905
2024-02-07,600905,4.41,4.42,4.46,4.35,1775032,807324474.0,2.49,0.0,0.0,1.31,600905
2024-02-08,600905,4.44,4.44,4.46,4.37,1483467,675998041.0,2.04,0.45,0.02,1.09,600905
2024-02-19,600905,4.44,4.5,4.51,4.42,1208280,557035194.0,2.03,1.35,0.06,0.89,600905
2024-02-20,600905,4.5,4.51,4.54,4.47,893126,414761224.0,1.56,0.22,0.01,0.66,600905
2024-02-21,600905,4.48,4.47,4.53,4.47,1188040,551183078.0,1.33,-0.89,-0.04,0.88,600905
2024-02-22,600905,4.45,4.48,4.49,4.44,768864,354263024.0,1.12,0.22,0.01,0.57,600905
2024-02-23,600905,4.48,4.51,4.53,4.47,790263,367245739.0,1.34,0.67,0.03,0.58,600905
2024-02-26,600905,4.51,4.44,4.51,4.44,868368,400202083.0,1.55,-1.55,-0.07,0.64,600905
2024-02-27,600905,4.43,4.45,4.46,4.41,766122,350351012.0,1.13,0.23,0.01,0.56,600905
2024-02-28,600905,4.45,4.44,4.51,4.43,1047825,483085168.0,1.8,-0.22,-0.01,0.77,600905
2024-02-29,600905,4.42,4.48,4.48,4.42,893147,410504123.0,1.35,0.9,0.04,0.66,600905
2024-03-01,600905,4.47,4.53,4.59,4.46,1179794,552147825.0,2.9,1.12,0.05,0.87,600905
2024-03-04,600905,4.54,4.54,4.56,4.5,819990,383243407.0,1.32,0.22,0.01,0.6,600905
2024-03-05,600905,4.54,4.55,4.6,4.53,1119063,526282526.0,1.54,0.22,0.01,0.82,600905
2024-03-06,600905,4.56,4.66,4.69,4.54,1838011,876629602.0,3.3,2.42,0.11,1.35,600905
2024-03-07,600905,4.67,4.64,4.69,4.61,1015235,485778172.0,1.72,-0.43,-0.02,0.75,600905
2024-03-08,600905,4.64,4.74,4.74,4.63,1564320,757742361.0,2.37,2.16,0.1,1.15,600905
2024-03-11,600905,4.74,4.72,4.83,4.7,1585106,775457259.0,2.74,-0.42,-0.02,1.17,600905
2024-03-12,600905,4.71,4.64,4.74,4.64,1312491,632588193.0,2.12,-1.69,-0.08,0.97,600905
2024-03-13,600905,4.63,4.61,4.66,4.59,1077198,512578231.0,1.51,-0.65,-0.03,0.79,600905
2024-03-14,600905,4.61,4.59,4.63,4.57,719405,341043168.0,1.3,-0.43,-0.02,0.53,600905
2024-03-15,600905,4.58,4.59,4.61,4.56,669253,316259296.0,1.09,0.0,0.0,0.49,600905
2024-03-18,600905,4.59,4.63,4.69,4.59,1049002,501390696.0,2.18,0.87,0.04,0.77,600905
2024-03-19,600905,4.63,4.58,4.65,4.58,792067,376354307.0,1.51,-1.08,-0.05,0.58,600905
2024-03-20,600905,4.58,4.55,4.59,4.53,955336,448384029.0,1.31,-0.66,-0.03,0.7,600905
2024-03-21,600905,4.55,4.52,4.55,4.5,754385,351662273.0,1.1,-0.66,-0.03,0.56,600905
2024-03-22,600905,4.52,4.49,4.55,4.46,818597,379324578.0,1.99,-0.66,-0.03,0.6,600905
2024-03-25,600905,4.46,4.51,4.54,4.45,623499,290036075.0,2.0,0.45,0.02,0.46,600905
2024-03-26,600905,4.5,4.56,4.57,4.49,669968,313165060.0,1.77,1.11,0.05,0.49,600905
2024-03-27,600905,4.56,4.51,4.58,4.51,685406,321458432.0,1.54,-1.1,-0.05,0.5,600905
2024-03-28,600905,4.5,4.54,4.58,4.48,761834,356659119.0,2.22,0.67,0.03,0.56,600905
2024-03-29,600905,4.54,4.55,4.57,4.53,594542,278985147.0,0.88,0.22,0.01,0.44,600905
2024-04-01,600905,4.57,4.56,4.58,4.54,736765,346326518.0,0.88,0.22,0.01,0.54,600905
2024-04-02,600905,4.56,4.63,4.64,4.55,919023,436811969.0,1.97,1.54,0.07,0.68,600905
2024-04-03,600905,4.63,4.58,4.64,4.57,708500,335676796.0,1.51,-1.08,-0.05,0.52,600905
2024-04-08,600905,4.6,4.69,4.7,4.58,1607159,772576091.0,2.62,2.4,0.11,1.18,600905
2024-04-09,600905,4.68,4.7,4.73,4.66,1194119,577919177.0,1.49,0.21,0.01,0.88,600905
2024-04-10,600905,4.71,4.7,4.75,4.68,1072839,520947757.0,1.49,0.0,0.0,0.79,600905
2024-04-11,600905,4.69,4.68,4.72,4.65,877031,423135788.0,1.49,-0.43,-0.02,0.65,600905
2024-04-12,600905,4.68,4.64,4.69,4.63,765087,367078497.0,1.28,-0.85,-0.04,0.56,600905
2024-04-15,600905,4.66,4.72,4.73,4.64,1086878,526671812.0,1.94,1.72,0.08,0.8,600905
2024-04-16,600905,4.72,4.69,4.76,4.67,1117076,542737038.0,1.91,-0.64,-0.03,0.82,600905
2024-04-17,600905,4.67,4.72,4.73,4.65,1035735,500367106.0,1.71,0.64,0.03,0.76,600905
2024-04-18,600905,4.71,4.7,4.76,4.69,986753,479712556.0,1.48,-0.42,-0.02,0.73,600905
2024-04-19,600905,4.68,4.63,4.7,4.62,988529,473543675.0,1.7,-1.49,-0.07,0.73,600905
2024-04-22,600905,4.63,4.61,4.68,4.6,883416,422518102.0,1.73,-0.43,-0.02,0.65,600905
2024-04-23,600905,4.61,4.57,4.64,4.57,773151,366372378.0,1.52,-0.87,-0.04,0.57,600905
2024-04-24,600905,4.57,4.58,4.6,4.54,747773,351945667.0,1.31,0.22,0.01,0.55,600905
2024-04-25,600905,4.58,4.58,4.61,4.54,554119,261208575.0,1.53,0.0,0.0,0.41,600905
2024-04-26,600905,4.57,4.62,4.63,4.57,871107,413188515.0,1.31,0.87,0.04,0.64,600905
2024-04-29,600905,4.61,4.7,4.71,4.61,1053139,508218794.0,2.16,1.73,0.08,0.78,600905
2024-04-30,600905,4.67,4.55,4.69,4.52,1959519,924377092.0,3.62,-3.19,-0.15,1.44,600905
2024-05-06,600905,4.57,4.6,4.68,4.57,1774504,845619216.0,2.42,1.1,0.05,1.31,600905
2024-05-07,600905,4.62,4.56,4.62,4.53,1207351,566942382.0,1.96,-0.87,-0.04,0.89,600905
2024-05-08,600905,4.56,4.55,4.58,4.52,834337,390546964.0,1.32,-0.22,-0.01,0.61,600905
2024-05-09,600905,4.53,4.55,4.57,4.53,770110,361585681.0,0.88,0.0,0.0,0.57,600905
2024-05-10,600905,4.55,4.6,4.61,4.53,1159202,546476542.0,1.76,1.1,0.05,0.85,600905
2024-05-13,600905,4.6,4.62,4.64,4.56,1396105,662814595.0,1.74,0.43,0.02,1.03,600905
2024-05-14,600905,4.61,4.6,4.65,4.59,1096522,521271379.0,1.3,-0.43,-0.02,0.81,600905
2024-05-15,600905,4.59,4.53,4.62,4.53,1089456,511854713.0,1.96,-1.52,-0.07,0.8,600905
2024-05-16,600905,4.53,4.49,4.55,4.48,1035217,482051416.0,1.55,-0.88,-0.04,0.76,600905
2024-05-17,600905,4.5,4.52,4.54,4.49,928674,431926754.0,1.11,0.67,0.03,0.68,600905
2024-05-20,600905,4.52,4.53,4.55,4.5,874482,408373350.0,1.11,0.22,0.01,0.64,600905
2024-05-21,600905,4.53,4.5,4.53,4.49,729928,338820467.0,0.88,-0.66,-0.03,0.54,600905
2024-05-22,600905,4.5,4.51,4.54,4.49,610370,284233447.0,1.11,0.22,0.01,0.45,600905
2024-05-23,600905,4.52,4.46,4.52,4.44,1019016,469522155.0,1.77,-1.11,-0.05,0.75,600905
2024-05-24,600905,4.45,4.5,4.54,4.44,1235062,574494176.0,2.24,0.9,0.04,0.91,600905
2024-05-27,600905,4.51,4.52,4.54,4.48,1041181,485518419.0,1.33,0.44,0.02,0.77,600905
2024-05-28,600905,4.51,4.61,4.66,4.5,2046024,969814271.0,3.54,1.99,0.09,1.51,600905
2024-05-29,600905,4.61,4.6,4.65,4.53,1249946,592528386.0,2.6,-0.22,-0.01,0.92,600905
2024-05-30,600905,4.61,4.62,4.69,4.61,1655864,792619426.0,1.74,0.43,0.02,1.22,600905
2024-05-31,600905,4.62,4.53,4.63,4.52,1354153,636752278.0,2.38,-1.95,-0.09,1.0,600905
2024-06-03,600905,4.51,4.49,4.57,4.47,1222981,566386652.0,2.21,-0.88,-0.04,0.9,600905
2024-06-04,600905,4.49,4.51,4.53,4.47,1006420,467059836.0,1.34,0.45,0.02,0.74,600905
2024-06-05,600905,4.49,4.49,4.51,4.47,775298,358862713.0,0.89,-0.44,-0.02,0.57,600905
2024-06-06,600905,4.49,4.44,4.49,4.42,1159972,532459395.0,1.56,-1.11,-0.05,0.85,600905
2024-06-07,600905,4.44,4.54,4.56,4.41,1710724,789148893.0,3.38,2.25,0.1,1.26,600905
2024-06-11,600905,4.55,4.57,4.62,4.54,1950730,920267725.0,1.76,0.66,0.03,0.68,600905
2024-06-12,600905,4.56,4.48,4.56,4.48,1283081,596583711.0,1.75,-1.97,-0.09,0.45,600905
2024-06-13,600905,4.47,4.54,4.54,4.45,1261529,585900653.0,2.01,1.34,0.06,0.44,600905
2024-06-14,600905,4.52,4.56,4.56,4.47,2536999,1179711172.0,1.98,0.44,0.02,0.89,600905
2024-06-17,600905,4.5,4.48,4.57,4.44,1854745,861228610.0,2.85,-1.75,-0.08,0.65,600905
2024-06-18,600905,4.48,4.39,4.49,4.37,2040584,927396662.0,2.68,-2.01,-0.09,0.71,600905
2024-06-19,600905,4.38,4.29,4.39,4.27,1622040,722367288.0,2.73,-2.28,-0.1,0.57,600905
2024-06-20,600905,4.28,4.17,4.29,4.16,1833358,797497386.0,3.03,-2.8,-0.12,0.64,600905
2024-06-21,600905,4.16,4.17,4.21,4.14,1202956,518321954.0,1.68,0.0,0.0,0.42,600905
2024-06-24,600905,4.16,4.19,4.23,4.14,1253961,542918364.0,2.16,0.48,0.02,0.44,600905
2024-06-25,600905,4.19,4.15,4.2,4.13,930054,400046185.0,1.67,-0.95,-0.04,0.33,600905
2024-06-26,600905,4.14,4.18,4.19,4.09,824657,352846952.0,2.41,0.72,0.03,0.29,600905
2024-06-27,600905,4.16,4.14,4.18,4.13,760701,326277188.0,1.2,-0.96,-0.04,0.27,600905
2024-06-28,600905,4.16,4.22,4.24,4.15,1305649,566770575.0,2.17,1.93,0.08,0.46,600905
2024-07-01,600905,4.22,4.34,4.35,4.21,1514223,672612311.0,3.32,2.84,0.12,0.53,600905
2024-07-02,600905,4.34,4.35,4.36,4.31,971352,435431091.0,1.15,0.23,0.01,0.34,600905
2024-07-03,600905,4.36,4.35,4.38,4.33,761016,342207575.0,1.15,0.0,0.0,0.27,600905
2024-07-04,600905,4.36,4.35,4.38,4.33,821223,368983252.0,1.15,0.0,0.0,0.29,600905
2024-07-05,600905,4.36,4.35,4.37,4.31,715203,320559381.0,1.38,0.0,0.0,0.25,600905
2024-07-08,600905,4.35,4.37,4.41,4.34,902891,408636818.0,1.61,0.46,0.02,0.32,600905
2024-07-09,600905,4.38,4.37,4.4,4.33,986075,444394462.0,1.6,0.0,0.0,0.34,600905
2024-07-10,600905,4.37,4.31,4.37,4.28,881192,393112359.0,2.06,-1.37,-0.06,0.31,600905
2024-07-11,600905,4.33,4.32,4.34,4.3,753947,336382442.0,0.93,0.23,0.01,0.26,600905
2024-07-12,600905,4.31,4.31,4.34,4.3,592450,264245893.0,0.93,-0.23,-0.01,0.21,600905
2024-07-15,600905,4.3,4.3,4.31,4.24,717798,317144770.0,1.62,-0.23,-0.01,0.25,600905
2024-07-16,600905,4.29,4.36,4.36,4.28,854136,382017105.0,1.86,1.4,0.06,0.3,600905
2024-07-17,600905,4.35,4.39,4.4,4.34,838326,379175263.0,1.38,0.69,0.03,0.29,600905
2024-07-18,600905,4.39,4.45,4.45,4.35,1099726,500412876.0,2.28,1.37,0.06,0.38,600905
2024-07-19,600905,4.45,4.54,4.55,4.44,1690001,788062886.0,2.47,2.02,0.09,0.59,600905
2024-07-22,600905,4.54,4.57,4.6,4.53,1379121,648980588.0,1.54,0.66,0.03,0.48,600905
2024-07-23,600905,4.57,4.51,4.61,4.51,1208011,567780002.0,2.19,-1.31,-0.06,0.42,600905
2024-07-24,600905,4.52,4.59,4.6,4.51,1353526,637848617.0,2.0,1.77,0.08,0.47,600905
2024-07-25,600905,4.57,4.76,4.79,4.57,3346482,1621875607.0,4.79,3.7,0.17,1.17,600905
2024-07-26,600905,4.79,4.75,4.79,4.68,1868164,908044230.0,2.31,-0.21,-0.01,0.65,600905
2024-07-29,600905,4.73,4.79,4.81,4.72,1670294,821921047.0,1.89,0.84,0.04,0.58,600905
2024-07-30,600905,4.78,4.75,4.81,4.73,1300360,636413339.0,1.67,-0.84,-0.04,0.45,600905
2024-07-31,600905,4.73,4.72,4.74,4.65,1892531,913191006.0,1.89,-0.63,-0.03,0.66,600905
2024-08-01,600905,4.7,4.69,4.78,4.68,1144151,557041848.0,2.12,-0.64,-0.03,0.4,600905
2024-08-02,600905,4.69,4.68,4.72,4.66,848653,409403826.0,1.28,-0.21,-0.01,0.3,600905
2024-08-05,600905,4.67,4.62,4.71,4.62,1051350,504191531.0,1.92,-1.28,-0.06,0.37,600905
2024-08-06,600905,4.63,4.62,4.66,4.58,776369,369124919.0,1.73,0.0,0.0,0.27,600905
2024-08-07,600905,4.63,4.61,4.64,4.6,703475,334905138.0,0.87,-0.22,-0.01,0.25,600905
2024-08-08,600905,4.61,4.63,4.63,4.59,725486,344474632.0,0.87,0.43,0.02,0.25,600905
2024-08-09,600905,4.62,4.62,4.67,4.61,846445,404164772.0,1.3,-0.22,-0.01,0.3,600905
2024-08-12,600905,4.66,4.61,4.69,4.59,1045333,498157541.0,2.16,-0.22,-0.01,0.37,600905
2024-08-13,600905,4.61,4.58,4.62,4.56,781322,369293995.0,1.3,-0.65,-0.03,0.27,600905
2024-08-14,600905,4.6,4.6,4.64,4.58,702109,328564421.0,1.31,0.44,0.02,0.25,600905
2024-08-15,600905,4.59,4.68,4.69,4.58,915338,432968217.0,2.39,1.74,0.08,0.32,600905
2024-08-16,600905,4.68,4.66,4.72,4.64,774413,366698966.0,1.71,-0.43,-0.02,0.27,600905
2024-08-19,600905,4.65,4.66,4.69,4.64,553310,261935453.0,1.07,0.0,0.0,0.19,600905
2024-08-20,600905,4.67,4.62,4.68,4.59,656306,307843403.0,1.93,-0.86,-0.04,0.23,600905
2024-08-21,600905,4.62,4.59,4.63,4.59,431020,201510841.0,0.87,-0.65,-0.03,0.15,600905
2024-08-22,600905,4.59,4.61,4.63,4.59,492472,230364774.0,0.87,0.44,0.02,0.17,600905
2024-08-23,600905,4.61,4.59,4.62,4.53,768243,356259481.0,1.95,-0.43,-0.02,0.27,600905
2024-08-26,600905,4.58,4.64,4.65,4.56,717044,335484901.0,1.96,1.09,0.05,0.25,600905
2024-08-27,600905,4.63,4.63,4.65,4.59,431244,202061368.0,1.29,-0.22,-0.01,0.15,600905
2024-08-28,600905,4.63,4.57,4.63,4.55,591195,274905582.0,1.73,-1.3,-0.06,0.21,600905
2024-08-29,600905,4.56,4.55,4.6,4.53,679271,314568772.0,1.53,-0.44,-0.02,0.24,600905
2024-08-30,600905,4.54,4.5,4.57,4.48,1295578,594422523.0,1.98,-1.1,-0.05,0.45,600905
2024-09-02,600905,4.43,4.21,4.44,4.19,2921474,1266762102.0,5.56,-6.44,-0.29,1.02,600905
2024-09-03,600905,4.21,4.17,4.23,4.17,1270022,541368802.0,1.43,-0.95,-0.04,0.44,600905
2024-09-04,600905,4.16,4.13,4.17,4.12,1156830,486894813.0,1.2,-0.96,-0.04,0.4,600905
2024-09-05,600905,4.13,4.12,4.15,4.1,969660,406606464.0,1.21,-0.24,-0.01,0.34,600905
2024-09-06,600905,4.13,4.1,4.16,4.1,673090,282314078.0,1.46,-0.49,-0.02,0.24,600905
2024-09-09,600905,4.09,4.02,4.1,3.99,1326742,543783881.0,2.68,-1.95,-0.08,0.46,600905
2024-09-10,600905,4.03,4.03,4.04,3.97,919528,374401379.0,1.74,0.25,0.01,0.32,600905
2024-09-11,600905,4.01,3.99,4.02,3.97,662973,268997412.0,1.24,-0.99,-0.04,0.23,600905
2024-09-12,600905,3.99,4.01,4.04,3.98,708447,289303124.0,1.5,0.5,0.02,0.25,600905
2024-09-13,600905,4.01,4.0,4.03,4.0,465493,190181451.0,0.75,-0.25,-0.01,0.16,600905
2024-09-18,600905,4.01,3.98,4.02,3.94,524482,211966835.0,2.0,-0.5,-0.02,0.18,600905
2024-09-19,600905,3.99,4.0,4.03,3.95,854632,347021630.0,2.01,0.5,0.02,0.3,600905
2024-09-20,600905,4.0,4.02,4.04,3.97,845168,344249550.0,1.75,0.5,0.02,0.3,600905
2024-09-23,600905,4.03,4.02,4.03,4.0,545088,222823150.0,0.75,0.0,0.0,0.19,600905
2024-09-24,600905,4.04,4.14,4.15,4.03,1411430,588135807.0,2.99,2.99,0.12,0.49,600905
2024-09-25,600905,4.17,4.22,4.3,4.17,2062813,890150261.0,3.14,1.93,0.08,0.72,600905
2024-09-26,600905,4.21,4.3,4.3,4.18,1533633,662571762.0,2.84,1.9,0.08,0.54,600905
2024-09-27,600905,4.34,4.42,4.43,4.34,1225548,545977914.0,2.09,2.79,0.12,0.43,600905
2024-09-30,600905,4.53,4.78,4.8,4.52,4332715,2057112037.0,6.33,8.14,0.36,1.52,600905
2024-10-08,600905,5.24,4.84,5.26,4.69,6652750,3337669330.0,11.92,1.26,0.06,2.33,600905
2024-10-09,600905,4.77,4.5,4.77,4.49,3293593,1543955636.0,5.79,-7.02,-0.34,1.15,600905
2024-10-10,600905,4.48,4.61,4.69,4.48,2255260,1053948065.0,4.67,2.44,0.11,0.79,600905
2024-10-11,600905,4.61,4.54,4.65,4.5,1404640,652613084.0,3.25,-1.52,-0.07,0.49,600905
2024-10-14,600905,4.55,4.56,4.6,4.52,1427616,659592994.0,1.76,0.44,0.02,0.5,600905
2024-10-15,600905,4.55,4.45,4.56,4.45,1457951,665947876.0,2.41,-2.41,-0.11,0.51,600905
2024-10-16,600905,4.42,4.44,4.47,4.4,1074522,483391340.0,1.57,-0.22,-0.01,0.38,600905
2024-10-17,600905,4.45,4.34,4.46,4.34,1239389,553091662.0,2.7,-2.25,-0.1,0.43,600905
2024-10-18,600905,4.34,4.44,4.51,4.32,1667243,746300874.0,4.38,2.3,0.1,0.58,600905
2024-10-21,600905,4.44,4.42,4.46,4.4,1320425,593100101.0,1.35,-0.45,-0.02,0.46,600905
2024-10-22,600905,4.41,4.49,4.49,4.4,1261159,570730032.0,2.04,1.58,0.07,0.44,600905
2024-10-23,600905,4.49,4.7,4.71,4.49,3259847,1532649836.0,4.9,4.68,0.21,1.14,600905
2024-10-24,600905,4.68,4.63,4.69,4.59,1390772,652599229.0,2.13,-1.49,-0.07,0.49,600905
2024-10-25,600905,4.62,4.64,4.67,4.61,1131530,532911732.0,1.3,0.22,0.01,0.4,600905
2024-10-28,600905,4.63,4.66,4.66,4.58,1121586,527292546.0,1.72,0.43,0.02,0.39,600905
2024-10-29,600905,4.67,4.6,4.69,4.58,1131905,531239944.0,2.36,-1.29,-0.06,0.4,600905
2024-10-30,600905,4.58,4.53,4.61,4.49,1548434,713689385.0,2.61,-1.52,-0.07,0.54,600905
2024-10-31,600905,4.83,4.68,4.83,4.63,3525895,1680368984.0,4.42,3.31,0.15,1.23,600905
2024-11-01,600905,4.65,4.69,4.72,4.58,2279940,1075940297.0,2.99,0.21,0.01,0.8,600905
2024-11-04,600905,4.69,4.68,4.7,4.64,1184195,560391428.0,1.28,-0.21,-0.01,0.41,600905
2024-11-05,600905,4.67,4.73,4.73,4.65,1999138,953463632.0,1.71,1.07,0.05,0.7,600905
2024-11-06,600905,4.72,4.71,4.75,4.69,1665178,796542821.0,1.27,-0.42,-0.02,0.58,600905
2024-11-07,600905,4.68,4.78,4.78,4.67,2020647,971554554.0,2.34,1.49,0.07,0.71,600905
2024-11-08,600905,4.8,4.77,4.84,4.73,1898420,921167905.0,2.3,-0.21,-0.01,0.66,600905
2024-11-11,600905,4.76,4.74,4.79,4.7,1465990,704109444.0,1.89,-0.63,-0.03,0.51,600905
2024-11-12,600905,4.74,4.69,4.76,4.67,1606873,769237122.0,1.9,-1.05,-0.05,0.56,600905
2024-11-13,600905,4.67,4.7,4.71,4.66,1067893,508276641.0,1.07,0.21,0.01,0.37,600905
2024-11-14,600905,4.69,4.62,4.71,4.62,1121965,531089356.0,1.91,-1.7,-0.08,0.39,600905
2024-11-15,600905,4.61,4.6,4.67,4.59,1236618,581066817.0,1.73,-0.43,-0.02,0.43,600905
2024-11-18,600905,4.62,4.65,4.73,4.6,1579499,750373743.0,2.83,1.09,0.05,0.55,600905
2024-11-19,600905,4.65,4.66,4.67,4.59,1013888,476759637.0,1.72,0.22,0.01,0.35,600905
2024-11-20,600905,4.65,4.63,4.65,4.62,804343,378248917.0,0.64,-0.64,-0.03,0.28,600905
2024-11-21,600905,4.63,4.61,4.64,4.59,743558,347947778.0,1.08,-0.43,-0.02,0.26,600905
2024-11-22,600905,4.61,4.52,4.63,4.51,1217274,565152987.0,2.6,-1.95,-0.09,0.43,600905
2024-11-25,600905,4.51,4.46,4.55,4.43,1267156,577534116.0,2.65,-1.33,-0.06,0.44,600905
2024-11-26,600905,4.45,4.47,4.49,4.44,656506,298078169.0,1.12,0.22,0.01,0.23,600905
2024-11-27,600905,4.47,4.5,4.5,4.41,933093,423128846.0,2.01,0.67,0.03,0.33,600905
2024-11-28,600905,4.49,4.48,4.51,4.47,809585,368951478.0,0.89,-0.44,-0.02,0.28,600905
2024-11-29,600905,4.48,4.49,4.52,4.46,819113,373912746.0,1.34,0.22,0.01,0.29,600905
2024-12-02,600905,4.49,4.54,4.55,4.48,982568,450925092.0,1.56,1.11,0.05,0.34,600905
2024-12-03,600905,4.53,4.55,4.56,4.51,837788,385907779.0,1.1,0.22,0.01,0.29,600905
2024-12-04,600905,4.54,4.51,4.55,4.5,834483,383891482.0,1.1,-0.88,-0.04,0.29,600905
2024-12-05,600905,4.51,4.49,4.53,4.48,757425,346074965.0,1.11,-0.44,-0.02,0.26,600905
2024-12-06,600905,4.49,4.54,4.55,4.48,961670,441965006.0,1.56,1.11,0.05,0.34,600905
2024-12-09,600905,4.55,4.55,4.59,4.54,963779,446316498.0,1.1,0.22,0.01,0.34,600905
2024-12-10,600905,4.61,4.53,4.65,4.53,1521425,706532439.0,2.64,-0.44,-0.02,0.53,600905
2024-12-11,600905,4.53,4.54,4.55,4.52,839019,386494006.0,0.66,0.22,0.01,0.29,600905
2024-12-12,600905,4.54,4.56,4.56,4.51,917167,422653803.0,1.1,0.44,0.02,0.32,600905
2024-12-13,600905,4.54,4.47,4.55,4.47,1442208,658190322.0,1.75,-1.97,-0.09,0.5,600905
2024-12-16,600905,4.46,4.48,4.5,4.46,961201,437510413.0,0.89,0.22,0.01,0.34,600905
2024-12-17,600905,4.48,4.44,4.5,4.44,859374,389676077.0,1.34,-0.89,-0.04,0.3,600905
2024-12-18,600905,4.46,4.47,4.52,4.45,939860,428537972.0,1.58,0.68,0.03,0.33,600905
2024-12-19,600905,4.45,4.42,4.45,4.39,1038411,465504430.0,1.34,-1.12,-0.05,0.36,600905
2024-12-20,600905,4.41,4.4,4.43,4.39,959219,429490542.0,0.9,-0.45,-0.02,0.34,600905
2024-12-23,600905,4.4,4.38,4.43,4.38,827926,370629889.0,1.14,-0.45,-0.02,0.29,600905
2024-12-24,600905,4.37,4.41,4.42,4.37,786051,351098772.0,1.14,0.68,0.03,0.27,600905
2024-12-25,600905,4.41,4.44,4.46,4.4,842555,379624320.0,1.36,0.68,0.03,0.29,600905
2024-12-26,600905,4.44,4.38,4.45,4.37,990191,442781629.0,1.8,-1.35,-0.06,0.35,600905
2024-12-27,600905,4.38,4.38,4.4,4.36,1044984,464888438.0,0.91,0.0,0.0,0.37,600905
2024-12-30,600905,4.38,4.35,4.39,4.33,923804,408917146.0,1.37,-0.68,-0.03,0.32,600905
2024-12-31,600905,4.35,4.3,4.37,4.3,1080577,475883097.0,1.61,-1.15,-0.05,0.38,600905
2025-01-02,600905,4.3,4.18,4.31,4.16,1572234,675345097.0,3.49,-2.79,-0.12,0.55,600905
2025-01-03,600905,4.18,4.18,4.23,4.17,937613,400445113.0,1.44,0.0,0.0,0.33,600905
2025-01-06,600905,4.19,4.17,4.21,4.13,1017336,431329863.0,1.91,-0.24,-0.01,0.36,600905
2025-01-07,600905,4.17,4.19,4.2,4.15,627627,266295853.0,1.2,0.48,0.02,0.22,600905
2025-01-08,600905,4.2,4.2,4.23,4.16,945142,403503544.0,1.67,0.24,0.01,0.33,600905
2025-01-09,600905,4.19,4.16,4.2,4.15,600855,254632291.0,1.19,-0.95,-0.04,0.21,600905
2025-01-10,600905,4.16,4.09,4.17,4.09,947363,397082455.0,1.92,-1.68,-0.07,0.33,600905
2025-01-13,600905,4.08,4.07,4.12,4.04,1049576,435253380.0,1.96,-0.49,-0.02,0.37,600905
2025-01-14,600905,4.08,4.14,4.15,4.07,1156543,484189861.0,1.97,1.72,0.07,0.4,600905
2025-01-15,600905,4.14,4.1,4.14,4.09,817931,341714955.0,1.21,-0.97,-0.04,0.29,600905
2025-01-16,600905,4.11,4.13,4.15,4.1,936123,392875478.0,1.22,0.73,0.03,0.33,600905
2025-01-17,600905,4.12,4.15,4.17,4.11,788700,332281645.0,1.45,0.48,0.02,0.28,600905
2025-01-20,600905,4.15,4.14,4.18,4.14,699138,295642372.0,0.96,-0.24,-0.01,0.24,600905
2025-01-21,600905,4.15,4.12,4.16,4.1,689724,288958358.0,1.45,-0.48,-0.02,0.24,600905
2025-01-22,600905,4.11,4.08,4.11,4.07,762500,316728065.0,0.97,-0.97,-0.04,0.27,600905
2025-01-23,600905,4.1,4.1,4.15,4.09,736648,308556777.0,1.47,0.49,0.02,0.26,600905
2025-01-24,600905,4.1,4.11,4.12,4.08,628730,262550621.0,0.98,0.24,0.01,0.22,600905
2025-01-27,600905,4.12,4.13,4.17,4.11,898598,377514336.0,1.46,0.49,0.02,0.31,600905
2025-02-05,600905,4.13,4.13,4.14,4.09,921589,385284807.0,1.21,0.0,0.0,0.32,600905
2025-02-06,600905,4.11,4.17,4.17,4.11,903546,380999903.0,1.45,0.97,0.04,0.32,600905
2025-02-07,600905,4.17,4.2,4.22,4.16,1121634,477950640.0,1.44,0.72,0.03,0.39,600905
2025-02-10,600905,4.22,4.2,4.24,4.2,1155557,494862358.0,0.95,0.0,0.0,0.4,600905
2025-02-11,600905,4.2,4.18,4.2,4.16,733085,311198389.0,0.95,-0.48,-0.02,0.26,600905
2025-02-12,600905,4.17,4.19,4.2,4.16,726992,308714281.0,0.96,0.24,0.01,0.25,600905
2025-02-13,600905,4.2,4.18,4.22,4.18,800640,341699623.0,0.95,-0.24,-0.01,0.28,600905
2025-02-14,600905,4.19,4.19,4.2,4.17,659068,280508719.0,0.72,0.24,0.01,0.23,600905
2025-02-17,600905,4.19,4.24,4.25,4.17,1345960,576400357.0,1.91,1.19,0.05,0.47,600905
2025-02-18,600905,4.24,4.19,4.25,4.19,1017258,437015550.0,1.42,-1.18,-0.05,0.36,600905
2025-02-19,600905,4.19,4.18,4.2,4.17,842872,358496395.0,0.72,-0.24,-0.01,0.29,600905
2025-02-20,600905,4.18,4.16,4.19,4.14,861360,364287047.0,1.2,-0.48,-0.02,0.3,600905
2025-02-21,600905,4.17,4.2,4.2,4.14,949527,402479602.0,1.44,0.96,0.04,0.33,600905
2025-02-24,600905,4.18,4.19,4.23,4.17,964136,411082955.0,1.43,-0.24,-0.01,0.34,600905
2025-02-25,600905,4.18,4.16,4.19,4.15,863586,365586567.0,0.95,-0.72,-0.03,0.3,600905
2025-02-26,600905,4.15,4.18,4.18,4.15,787835,333591242.0,0.72,0.48,0.02,0.28,600905
2025-02-27,600905,4.18,4.18,4.19,4.15,864349,366603960.0,0.96,0.0,0.0,0.3,600905
2025-02-28,600905,4.17,4.13,4.18,4.13,1012651,427737834.0,1.2,-1.2,-0.05,0.35,600905
2025-03-03,600905,4.13,4.12,4.16,4.09,1041948,437245638.0,1.69,-0.24,-0.01,0.36,600905
2025-03-04,600905,4.11,4.12,4.12,4.09,723995,302222534.0,0.73,0.0,0.0,0.25,600905
2025-03-05,600905,4.11,4.1,4.12,4.08,684945,285463886.0,0.97,-0.49,-0.02,0.24,600905
2025-03-06,600905,4.1,4.13,4.13,4.09,857814,359225440.0,0.98,0.73,0.03,0.3,600905
2025-03-07,600905,4.12,4.11,4.14,4.11,678154,284405749.0,0.73,-0.48,-0.02,0.24,600905
2025-03-10,600905,4.11,4.11,4.13,4.1,714985,299131428.0,0.73,0.0,0.0,0.25,600905
2025-03-11,600905,4.1,4.13,4.13,4.08,705523,294946375.0,1.22,0.49,0.02,0.25,600905
2025-03-12,600905,4.14,4.12,4.15,4.11,704381,295782374.0,0.97,-0.24,-0.01,0.25,600905
2025-03-13,600905,4.12,4.16,4.18,4.12,1137212,480480407.0,1.46,0.97,0.04,0.4,600905
2025-03-14,600905,4.16,4.18,4.19,4.15,955243,405092720.0,0.96,0.48,0.02,0.33,600905
2025-03-17,600905,4.18,4.17,4.21,4.17,844624,359247751.0,0.96,-0.24,-0.01,0.3,600905
2025-03-18,600905,4.17,4.17,4.18,4.15,714320,302754175.0,0.72,0.0,0.0,0.25,600905
2025-03-19,600905,4.17,4.21,4.23,4.16,1407196,601030869.0,1.68,0.96,0.04,0.49,600905
2025-03-20,600905,4.22,4.21,4.25,4.2,1039700,446046216.0,1.19,0.0,0.0,0.36,600905
2025-03-21,600905,4.2,4.19,4.23,4.17,1015473,433678877.0,1.43,-0.48,-0.02,0.36,600905
2025-03-24,600905,4.18,4.2,4.23,4.17,938085,400498752.0,1.43,0.24,0.01,0.33,600905
2025-03-25,600905,4.21,4.25,4.25,4.18,1263000,542845380.0,1.67,1.19,0.05,0.44,600905
2025-03-26,600905,4.24,4.22,4.25,4.21,914004,392261555.0,0.94,-0.71,-0.03,0.32,600905
2025-03-27,600905,4.22,4.18,4.23,4.17,1019274,434094877.0,1.42,-0.95,-0.04,0.36,600905
2025-03-28,600905,4.18,4.16,4.2,4.16,652227,276746911.0,0.96,-0.48,-0.02,0.23,600905
2025-03-31,600905,4.16,4.16,4.22,4.15,1229511,522334206.0,1.68,0.0,0.0,0.43,600905
2025-04-01,600905,4.16,4.23,4.24,4.16,1560140,667983246.0,1.92,1.68,0.07,0.55,600905
2025-04-02,600905,4.24,4.19,4.25,4.18,919124,392553579.0,1.65,-0.95,-0.04,0.32,600905
2025-04-03,600905,4.18,4.26,4.27,4.17,1526579,657344515.0,2.39,1.67,0.07,0.53,600905
2025-04-07,600905,4.2,4.1,4.21,3.98,3288141,1377258612.0,5.4,-3.76,-0.16,1.15,600905
2025-04-08,600905,4.09,4.24,4.24,4.09,2624030,1113224774.0,3.66,3.41,0.14,0.92,600905
2025-04-09,600905,4.25,4.24,4.25,4.15,2114628,906436705.0,2.36,0.0,0.0,0.74,600905
2025-04-10,600905,4.27,4.26,4.28,4.22,1556412,673202996.0,1.42,0.47,0.02,0.54,600905
2025-04-11,600905,4.25,4.23,4.26,4.21,1052919,452936279.0,1.17,-0.7,-0.03,0.37,600905
2025-04-14,600905,4.24,4.23,4.25,4.22,1021461,439620038.0,0.71,0.0,0.0,0.36,600905
2025-04-15,600905,4.23,4.21,4.24,4.17,1235651,526547307.0,1.65,-0.47,-0.02,0.43,600905
2025-04-16,600905,4.2,4.25,4.25,4.17,1253909,536636973.0,1.9,0.95,0.04,0.44,600905
2025-04-17,600905,4.24,4.25,4.28,4.21,1001054,431157856.0,1.65,0.0,0.0,0.35,600905
2025-04-18,600905,4.23,4.22,4.24,4.2,709932,304442426.0,0.94,-0.71,-0.03,0.25,600905
2025-04-21,600905,4.22,4.21,4.23,4.2,621668,266351450.0,0.71,-0.24,-0.01,0.22,600905
2025-04-22,600905,4.21,4.2,4.23,4.2,689088,295262830.0,0.71,-0.24,-0.01,0.24,600905
2025-04-23,600905,4.2,4.18,4.22,4.17,1011931,430319008.0,1.19,-0.48,-0.02,0.35,600905
2025-04-24,600905,4.18,4.19,4.21,4.17,770168,328244792.0,0.96,0.24,0.01,0.27,600905
2025-04-25,600905,4.2,4.22,4.22,4.18,902782,385782642.0,0.95,0.72,0.03,0.32,600905
2025-04-28,600905,4.22,4.26,4.28,4.21,1623370,702275903.0,1.66,0.95,0.04,0.57,600905
2025-04-29,600905,4.26,4.21,4.26,4.2,1161546,498720915.0,1.41,-1.17,-0.05,0.41,600905
2025-04-30,600905,4.2,4.19,4.23,4.18,913548,389731174.0,1.19,-0.48,-0.02,0.32,600905
2025-05-06,600905,4.2,4.23,4.23,4.19,947472,405925755.0,0.95,0.95,0.04,0.33,600905
2025-05-07,600905,4.25,4.23,4.26,4.21,1156217,496815823.0,1.18,0.0,0.0,0.4,600905
2025-05-08,600905,4.23,4.22,4.23,4.21,715735,307170727.0,0.47,-0.24,-0.01,0.25,600905
2025-05-09,600905,4.22,4.23,4.24,4.21,808446,347386562.0,0.71,0.24,0.01,0.28,600905
2025-05-12,600905,4.23,4.22,4.23,4.2,884746,379017392.0,0.71,-0.24,-0.01,0.31,600905
2025-05-13,600905,4.22,4.23,4.24,4.21,1063722,456554253.0,0.71,0.24,0.01,0.37,600905
2025-05-14,600905,4.23,4.24,4.25,4.21,988418,425214047.0,0.95,0.24,0.01,0.35,600905
2025-05-15,600905,4.24,4.26,4.3,4.23,1572433,682066502.0,1.65,0.47,0.02,0.55,600905
2025-05-16,600905,4.25,4.27,4.28,4.24,873275,378041672.0,0.94,0.23,0.01,0.31,600905
2025-05-19,600905,4.27,4.33,4.34,4.25,1535406,672258013.0,2.11,1.41,0.06,0.54,600905
2025-05-20,600905,4.34,4.31,4.36,4.29,957575,419184844.0,1.62,-0.46,-0.02,0.33,600905
2025-05-21,600905,4.3,4.3,4.33,4.29,997821,437150781.0,0.93,-0.23,-0.01,0.35,600905
2025-05-22,600905,4.3,4.27,4.31,4.24,1219938,528910775.0,1.63,-0.7,-0.03,0.43,600905
2025-05-23,600905,4.26,4.24,4.3,4.23,1002167,433819794.0,1.64,-0.7,-0.03,0.35,600905
2025-05-26,600905,4.24,4.24,4.25,4.21,764071,328563218.0,0.94,0.0,0.0,0.27,600905
2025-05-27,600905,4.24,4.24,4.26,4.22,569507,245116167.0,0.94,0.0,0.0,0.2,600905
2025-05-28,600905,4.24,4.23,4.25,4.22,466230,200483090.0,0.71,-0.24,-0.01,0.16,600905
2025-05-29,600905,4.22,4.24,4.24,4.21,686202,295146830.0,0.71,0.24,0.01,0.24,600905
2025-05-30,600905,4.23,4.22,4.25,4.22,685434,294672180.0,0.71,-0.47,-0.02,0.24,600905
2025-06-03,600905,4.21,4.2,4.22,4.18,1233389,525835143.0,0.95,-0.47,-0.02,0.43,600905
2025-06-04,600905,4.2,4.2,4.21,4.19,563960,240864888.0,0.48,0.0,0.0,0.2,600905
2025-06-05,600905,4.21,4.21,4.22,4.19,692914,296082874.0,0.71,0.24,0.01,0.24,600905
2025-06-06,600905,4.21,4.21,4.23,4.19,752687,322399481.0,0.95,0.0,0.0,0.26,600905
2025-06-09,600905,4.22,4.21,4.23,4.2,781134,334481574.0,0.71,0.0,0.0,0.27,600905
2025-06-10,600905,4.21,4.19,4.22,4.18,1027384,438386571.0,0.95,-0.48,-0.02,0.36,600905
2025-06-11,600905,4.19,4.19,4.21,4.18,756689,322759531.0,0.72,0.0,0.0,0.26,600905
2025-06-12,600905,4.2,4.17,4.2,4.16,1011564,429385294.0,0.95,-0.48,-0.02,0.35,600905
2025-06-13,600905,4.17,4.18,4.19,4.16,1041673,442283095.0,0.72,0.24,0.01,0.36,600905
2025-06-16,600905,4.18,4.17,4.18,4.16,683575,289721177.0,0.48,-0.24,-0.01,0.24,600905
2025-06-17,600905,4.17,4.19,4.2,4.16,908018,385878310.0,0.96,0.48,0.02,0.32,600905
2025-06-18,600905,4.19,4.19,4.21,4.18,799133,341102338.0,0.72,0.0,0.0,0.28,600905
2025-06-19,600905,4.19,4.19,4.2,4.15,1062515,450955655.0,1.19,0.0,0.0,0.37,600905
2025-06-20,600905,4.18,4.18,4.19,4.17,563729,239447308.0,0.48,-0.24,-0.01,0.2,600905
2025-06-23,600905,4.18,4.16,4.18,4.15,851996,360478836.0,0.72,-0.48,-0.02,0.3,600905
2025-06-24,600905,4.16,4.19,4.19,4.16,822826,349413407.0,0.72,0.72,0.03,0.29,600905
2025-06-25,600905,4.19,4.21,4.22,4.17,979255,417987346.0,1.19,0.48,0.02,0.34,600905
2025-06-26,600905,4.22,4.2,4.22,4.19,659925,282112595.0,0.71,-0.24,-0.01,0.23,600905
2025-06-27,600905,4.2,4.19,4.21,4.18,798052,340268202.0,0.71,-0.24,-0.01,0.28,600905
2025-06-30,600905,4.19,4.19,4.2,4.18,559659,238291111.0,0.48,0.0,0.0,0.2,600905
2025-07-01,600905,4.2,4.2,4.22,4.18,1017134,434465183.0,0.95,0.24,0.01,0.36,600905
2025-07-02,600905,4.21,4.23,4.24,4.2,1114813,478540161.0,0.95,0.71,0.03,0.39,600905
2025-07-03,600905,4.24,4.22,4.24,4.21,766345,328990173.0,0.71,-0.24,-0.01,0.27,600905
2025-07-04,600905,4.22,4.24,4.26,4.21,1076279,463839319.0,1.18,0.47,0.02,0.38,600905
2025-07-07,600905,4.24,4.27,4.28,4.24,1126850,487827349.0,0.94,0.71,0.03,0.39,600905
2025-07-08,600905,4.27,4.26,4.27,4.23,1084256,468337531.0,0.94,-0.23,-0.01,0.38,600905
2025-07-09,600905,4.26,4.25,4.29,4.24,1091102,472860388.0,1.17,-0.23,-0.01,0.38,600905
2025-07-10,600905,4.25,4.25,4.27,4.24,1077227,466102987.0,0.71,0.0,0.0,0.38,600905
2025-07-11,600905,4.26,4.26,4.28,4.25,1357336,588427911.0,0.71,0.24,0.01,0.47,600905
2025-07-14,600905,4.27,4.29,4.31,4.26,1493728,651470400.0,1.17,0.7,0.03,0.52,600905
2025-07-15,600905,4.29,4.24,4.3,4.22,1502974,648884814.0,1.86,-1.17,-0.05,0.53,600905
2025-07-16,600905,4.25,4.23,4.26,4.22,914330,394128151.0,0.94,-0.24,-0.01,0.32,600905
2025-07-17,600905,4.23,4.22,4.24,4.21,1010496,433659778.0,0.71,-0.24,-0.01,0.35,600905
2025-07-18,600905,4.23,4.23,4.24,4.21,947347,407091675.0,0.71,0.24,0.01,0.33,600905
2025-07-21,600905,4.25,4.3,4.31,4.25,2216737,966644827.0,1.42,1.65,0.07,0.78,600905
2025-07-22,600905,4.3,4.35,4.37,4.28,2640847,1161058301.0,2.09,1.16,0.05,0.92,600905
2025-07-23,600905,4.37,4.32,4.39,4.31,1847513,816609006.0,1.84,-0.69,-0.03,0.65,600905
2025-07-24,600905,4.32,4.35,4.36,4.29,1739340,765319683.0,1.62,0.69,0.03,0.61,600905
2025-07-25,600905,4.36,4.31,4.37,4.3,1513316,666106292.0,1.61,-0.92,-0.04,0.53,600905
2025-07-28,600905,4.33,4.29,4.34,4.28,1164554,509260292.0,1.39,-0.46,-0.02,0.41,600905
2025-07-29,600905,4.29,4.29,4.3,4.27,1068345,464693540.0,0.7,0.0,0.0,0.37,600905
2025-07-30,600905,4.29,4.31,4.35,4.28,1596180,700181606.0,1.63,0.47,0.02,0.56,600905
2025-07-31,600905,4.31,4.26,4.32,4.24,1852544,803006254.0,1.86,-1.16,-0.05,0.65,600905
2025-08-01,600905,4.25,4.24,4.27,4.22,980214,422785993.0,1.17,-0.47,-0.02,0.34,600905
2025-08-04,600905,4.23,4.24,4.25,4.22,774701,333253932.0,0.71,0.0,0.0,0.27,600905
2025-08-05,600905,4.24,4.25,4.25,4.23,888315,382982273.0,0.47,0.24,0.01,0.31,600905
2025-08-06,600905,4.25,4.24,4.25,4.22,803591,345782879.0,0.71,-0.24,-0.01,0.28,600905
2025-08-07,600905,4.23,4.23,4.25,4.22,986779,424903503.0,0.71,-0.24,-0.01,0.35,600905
2025-08-08,600905,4.23,4.25,4.26,4.23,948654,409746262.0,0.71,0.47,0.02,0.33,600905
2025-08-11,600905,4.26,4.24,4.26,4.23,951477,410198953.0,0.71,-0.24,-0.01,0.33,600905
2025-08-12,600905,4.24,4.23,4.25,4.22,986452,424652206.0,0.71,-0.24,-0.01,0.35,600905
2025-08-13,600905,4.23,4.23,4.24,4.22,1178499,506939605.0,0.47,0.0,0.0,0.41,600905
2025-08-14,600905,4.24,4.21,4.25,4.21,1210804,520812192.0,0.95,-0.47,-0.02,0.42,600905
2025-08-15,600905,4.22,4.21,4.23,4.21,1339260,574678749.0,0.48,0.0,0.0,0.47,600905
2025-08-18,600905,4.22,4.23,4.25,4.21,1628347,700961404.0,0.95,0.48,0.02,0.57,600905
2025-08-19,600905,4.25,4.24,4.25,4.23,1244808,527920568.0,0.47,0.24,0.01,0.44,600905
2025-08-20,600905,4.23,4.24,4.25,4.22,1204114,509109453.0,0.71,0.0,0.0,0.42,600905
2025-08-21,600905,4.24,4.27,4.28,4.23,1608436,685453301.0,1.18,0.71,0.03,0.56,600905
2025-08-22,600905,4.27,4.28,4.29,4.25,1286113,548385058.0,0.94,0.23,0.01,0.45,600905
2025-08-25,600905,4.28,4.32,4.33,4.27,1932413,831800754.0,1.4,0.93,0.04,0.68,600905
2025-08-26,600905,4.33,4.32,4.33,4.3,1433618,618487052.0,0.69,0.0,0.0,0.5,600905
2025-08-27,600905,4.32,4.26,4.34,4.26,1851016,795696764.0,1.85,-1.39,-0.06,0.65,600905
2025-08-28,600905,4.26,4.27,4.28,4.22,1722935,732384650.0,1.41,0.23,0.01,0.6,600905
2025-08-29,600905,4.26,4.25,4.31,4.25,1761319,753212586.0,1.41,-0.47,-0.02,0.62,600905
2025-09-01,600905,4.25,4.24,4.25,4.23,1391723,589918948.0,0.47,-0.24,-0.01,0.49,600905
2025-09-02,600905,4.24,4.26,4.26,4.23,1448039,614532671.0,0.71,0.47,0.02,0.51,600905
2025-09-03,600905,4.25,4.24,4.26,4.22,1442359,610675269.0,0.94,-0.47,-0.02,0.5,600905
2025-09-04,600905,4.23,4.24,4.25,4.21,1548209,654612084.0,0.94,0.0,0.0,0.54,600905
2025-09-05,600905,4.24,4.27,4.28,4.23,1493595,634790582.0,1.18,0.71,0.03,0.52,600905
2025-09-08,600905,4.27,4.34,4.35,4.26,2857488,1234052088.0,2.11,1.64,0.07,1.0,600905
2025-09-09,600905,4.34,4.32,4.35,4.31,1468396,635359607.0,0.92,-0.46,-0.02,0.51,600905
2025-09-10,600905,4.32,4.29,4.33,4.28,1122318,482240405.0,1.16,-0.69,-0.03,0.39,600905
2025-09-11,600905,4.29,4.31,4.31,4.27,1304445,559879352.0,0.93,0.47,0.02,0.46,600905
2025-09-12,600905,4.31,4.29,4.31,4.28,958769,411531492.0,0.7,-0.46,-0.02,0.34,600905
2025-09-15,600905,4.29,4.29,4.31,4.27,1212883,520323237.0,0.93,0.0,0.0,0.42,600905
2025-09-16,600905,4.29,4.28,4.3,4.26,1190993,509126403.0,0.93,-0.23,-0.01,0.42,600905
2025-09-17,600905,4.27,4.28,4.29,4.25,1011541,432340008.0,0.93,0.0,0.0,0.35,600905
2025-09-18,600905,4.29,4.28,4.31,4.25,1664832,713304171.0,1.4,0.0,0.0,0.58,600905
2025-09-19,600905,4.28,4.25,4.28,4.24,1344402,572253635.0,0.93,-0.7,-0.03,0.47,600905
2025-09-22,600905,4.24,4.25,4.26,4.24,917657,389913712.0,0.47,0.0,0.0,0.32,600905
2025-09-23,600905,4.25,4.26,4.28,4.22,1714094,728227867.0,1.41,0.24,0.01,0.6,600905
2025-09-24,600905,4.25,4.26,4.28,4.24,1054037,448638525.0,0.94,0.0,0.0,0.37,600905
2025-09-25,600905,4.25,4.24,4.26,4.23,901956,382424539.0,0.7,-0.47,-0.02,0.32,600905
2025-09-26,600905,4.23,4.28,4.29,4.23,1628987,694674461.0,1.42,0.94,0.04,0.57,600905
2025-09-29,600905,4.28,4.28,4.29,4.25,1251308,533626248.0,0.93,0.0,0.0,0.44,600905
2025-09-30,600905,4.27,4.25,4.27,4.25,1018213,433408906.0,0.47,-0.7,-0.03,0.36,600905
2025-10-09,600905,4.26,4.34,4.34,4.25,2822871,1215604205.0,2.12,2.12,0.09,0.99,600905
2025-10-10,600905,4.34,4.32,4.35,4.31,1706118,738491017.0,0.92,-0.46,-0.02,0.6,600905
2025-10-13,600905,4.28,4.34,4.35,4.26,2208194,949378372.0,2.08,0.46,0.02,0.77,600905
2025-10-14,600905,4.34,4.33,4.36,4.32,1782535,773718789.0,0.92,-0.23,-0.01,0.62,600905
2025-10-15,600905,4.33,4.31,4.35,4.29,1485341,641224834.0,1.39,-0.46,-0.02,0.52,600905
2025-10-16,600905,4.31,4.32,4.32,4.29,1377713,593728799.0,0.7,0.23,0.01,0.48,600905
2025-10-17,600905,4.31,4.3,4.35,4.29,1776199,766581679.0,1.39,-0.46,-0.02,0.62,600905
2025-10-20,600905,4.33,4.29,4.33,4.27,1549973,665732327.0,1.4,-0.23,-0.01,0.54,600905
2025-10-21,600905,4.29,4.29,4.31,4.28,1153075,495552875.0,0.7,0.0,0.0,0.4,600905
2025-10-22,600905,4.29,4.29,4.31,4.29,820992,353008192.0,0.47,0.0,0.0,0.29,600905
2025-10-23,600905,4.3,4.33,4.34,4.29,1556152,671708793.0,1.17,0.93,0.04,0.54,600905
2025-10-24,600905,4.33,4.3,4.33,4.29,1305831,562442714.0,0.92,-0.69,-0.03,0.46,600905
2025-10-27,600905,4.31,4.33,4.33,4.29,1492425,643798999.0,0.93,0.7,0.03,0.52,600905
2025-10-28,600905,4.32,4.29,4.32,4.28,1451357,624116209.0,0.92,-0.92,-0.04,0.51,600905
2025-10-29,600905,4.29,4.29,4.3,4.28,962887,413170664.0,0.47,0.0,0.0,0.34,600905
2025-10-30,600905,4.3,4.38,4.43,4.29,3848122,1680283242.0,3.26,2.1,0.09,1.35,600905
2025-10-31,600905,4.34,4.25,4.35,4.25,4747928,2035163246.0,2.28,-2.97,-0.13,1.66,600905
2025-11-03,600905,4.25,4.26,4.27,4.24,1482379,631016235.0,0.71,0.24,0.01,0.52,600905
2025-11-04,600905,4.26,4.26,4.28,4.25,1338591,570955725.0,0.7,0.0,0.0,0.47,600905
2025-11-05,600905,4.25,4.27,4.28,4.24,1215107,518079426.0,0.94,0.23,0.01,0.43,600905
2025-11-06,600905,4.27,4.3,4.33,4.27,1951189,839658601.0,1.41,0.7,0.03,0.68,600905
2025-11-07,600905,4.29,4.32,4.32,4.29,1254880,540422921.0,0.7,0.47,0.02,0.44,600905
2025-11-10,600905,4.32,4.31,4.33,4.3,1058692,456772435.0,0.69,-0.23,-0.01,0.37,600905
2025-11-11,600905,4.33,4.32,4.33,4.3,1320364,570192343.0,0.7,0.23,0.01,0.46,600905
2025-11-12,600905,4.32,4.29,4.33,4.28,1133785,487873379.0,1.16,-0.69,-0.03,0.4,600905
2025-11-13,600905,4.29,4.29,4.3,4.27,1260083,539784512.0,0.7,0.0,0.0,0.44,600905
2025-11-14,600905,4.28,4.28,4.3,4.27,1061933,455283648.0,0.7,-0.23,-0.01,0.37,600905
2025-11-17,600905,4.28,4.28,4.29,4.25,1311163,559660803.0,0.93,0.0,0.0,0.46,600905
2025-11-18,600905,4.28,4.25,4.28,4.24,1557166,662555734.0,0.93,-0.7,-0.03,0.54,600905
2025-11-19,600905,4.25,4.24,4.26,4.23,1145009,485548893.0,0.71,-0.24,-0.01,0.4,600905
2025-11-20,600905,4.25,4.24,4.26,4.23,991060,420643329.0,0.71,0.0,0.0,0.35,600905
2025-11-21,600905,4.23,4.19,4.23,4.18,1895657,796992581.0,1.18,-1.18,-0.05,0.66,600905
2025-11-24,600905,4.2,4.19,4.2,4.17,1085434,454018482.0,0.72,0.0,0.0,0.38,600905
2025-11-25,600905,4.19,4.18,4.2,4.18,898974,376449086.0,0.48,-0.24,-0.01,0.31,600905
2025-11-26,600905,4.18,4.17,4.19,4.17,779513,325616798.0,0.48,-0.24,-0.01,0.27,600905
2025-11-27,600905,4.17,4.17,4.18,4.16,510047,212807103.0,0.48,0.0,0.0,0.18,600905
2025-11-28,600905,4.17,4.18,4.18,4.16,780231,325217521.0,0.48,0.24,0.01,0.27,600905
2025-12-01,600905,4.18,4.19,4.2,4.17,729467,305071400.0,0.72,0.24,0.01,0.26,600905
2025-12-02,600905,4.19,4.18,4.19,4.17,493699,206403797.0,0.48,-0.24,-0.01,0.17,600905
2025-12-03,600905,4.18,4.19,4.2,4.17,754652,316004898.0,0.72,0.24,0.01,0.26,600905
2025-12-04,600905,4.19,4.19,4.2,4.18,545081,228391118.0,0.48,0.0,0.0,0.19,600905
2025-12-05,600905,4.19,4.2,4.2,4.17,716513,300059531.0,0.72,0.24,0.01,0.25,600905
2025-12-08,600905,4.2,4.19,4.21,4.18,749125,314108939.0,0.71,-0.24,-0.01,0.26,600905
2025-12-09,600905,4.19,4.17,4.19,4.16,694204,289814753.0,0.72,-0.48,-0.02,0.24,600905
2025-12-10,600905,4.16,4.16,4.18,4.14,998692,414971937.0,0.96,-0.24,-0.01,0.35,600905
2025-12-11,600905,4.16,4.14,4.16,4.14,647994,268808675.0,0.48,-0.48,-0.02,0.23,600905
2025-12-12,600905,4.14,4.14,4.15,4.12,1031538,426169876.0,0.72,0.0,0.0,0.36,600905
2025-12-15,600905,4.13,4.13,4.14,4.12,594471,245529606.0,0.48,-0.24,-0.01,0.21,600905
2025-12-16,600905,4.13,4.12,4.13,4.09,1034428,424810260.0,0.97,-0.24,-0.01,0.36,600905
2025-12-17,600905,4.11,4.12,4.13,4.08,904636,371248959.0,1.21,0.0,0.0,0.32,600905
2025-12-18,600905,4.11,4.12,4.13,4.1,530244,218312113.0,0.73,0.0,0.0,0.19,600905
2025-12-19,600905,4.12,4.13,4.14,4.11,669095,276520454.0,0.73,0.24,0.01,0.23,600905
2025-12-22,600905,4.13,4.13,4.14,4.12,753684,311389937.0,0.48,0.0,0.0,0.26,600905
2025-12-23,600905,4.13,4.12,4.14,4.11,658378,271396155.0,0.73,-0.24,-0.01,0.23,600905
2025-12-24,600905,4.11,4.14,4.14,4.1,623670,257005817.0,0.97,0.49,0.02,0.22,600905
2025-12-25,600905,4.14,4.13,4.14,4.12,475502,196541418.0,0.48,-0.24,-0.01,0.17,600905
2025-12-26,600905,4.14,4.13,4.14,4.12,656229,271213681.0,0.48,0.0,0.0,0.23,600905
2025-12-29,600905,4.14,4.11,4.14,4.11,725683,299196623.0,0.73,-0.48,-0.02,0.25,600905
2025-12-30,600905,4.11,4.1,4.12,4.09,612339,251163282.0,0.73,-0.24,-0.01,0.21,600905
2025-12-31,600905,4.09,4.09,4.1,4.09,472827,193541500.0,0.24,-0.24,-0.01,0.17,600905
2026-01-05,600905,4.1,4.13,4.13,4.09,734323,301966008.0,0.98,0.98,0.04,0.26,600905
2026-01-06,600905,4.12,4.14,4.14,4.12,992106,409847363.0,0.48,0.24,0.01,0.35,600905
2026-01-07,600905,4.14,4.12,4.14,4.12,567347,234434420.0,0.48,-0.48,-0.02,0.2,600905
