名称,日期,开盘,收盘,最高,最低,成交量
南芯科技,2023-04-07,53.22,58.57,64.22,53.08,374523
南芯科技,2023-04-10,55.97,50.26,56.1,50.22,221107
南芯科技,2023-04-11,49.23,47.83,50.01,47.1,131592
南芯科技,2023-04-12,47.26,49.92,51.77,47.22,142365
南芯科技,2023-04-13,50.36,48.94,52.02,48.93,119222
南芯科技,2023-04-14,48.72,49.72,50.19,47.22,102316
南芯科技,2023-04-17,49.38,47.94,50.42,47.91,78952
南芯科技,2023-04-18,47.39,45.37,47.92,45.16,81470
南芯科技,2023-04-19,45.28,45.04,46.05,44.92,56180
南芯科技,2023-04-20,44.8,45.35,45.76,44.23,56050
南芯科技,2023-04-21,45.22,42.0,45.51,41.98,72786
南芯科技,2023-04-24,41.77,40.72,42.52,40.32,45561
南芯科技,2023-04-25,40.72,41.7,42.03,39.82,51202
南芯科技,2023-04-26,41.22,39.91,41.52,39.61,41497
南芯科技,2023-04-27,39.22,39.03,40.63,38.91,36381
南芯科技,2023-04-28,39.1,40.22,40.9,39.1,43314
南芯科技,2023-05-04,40.06,40.41,41.09,40.0,34469
南芯科技,2023-05-05,40.76,38.15,40.76,37.95,45160
南芯科技,2023-05-08,38.38,38.31,38.72,37.39,22683
南芯科技,2023-05-09,38.4,38.23,39.32,37.71,29198
南芯科技,2023-05-10,38.09,38.47,38.7,37.9,18923
南芯科技,2023-05-11,38.77,40.11,40.54,38.77,38896
南芯科技,2023-05-12,40.0,39.35,40.91,39.3,24964
南芯科技,2023-05-15,39.22,38.89,39.53,38.12,22217
南芯科技,2023-05-16,38.92,38.84,39.6,37.86,28994
南芯科技,2023-05-17,38.72,39.71,40.02,38.59,28079
南芯科技,2023-05-18,40.16,39.5,40.2,39.08,23744
南芯科技,2023-05-19,39.33,41.85,42.07,39.33,61332
南芯科技,2023-05-22,41.72,41.65,42.01,40.9,31765
南芯科技,2023-05-23,41.44,41.19,42.18,40.97,25703
南芯科技,2023-05-24,41.3,41.24,42.06,40.22,34526
南芯科技,2023-05-25,40.94,41.14,41.51,40.31,26692
南芯科技,2023-05-26,41.1,40.32,41.71,40.32,29583
南芯科技,2023-05-29,40.31,39.73,40.62,39.28,24403
南芯科技,2023-05-30,39.37,40.25,40.29,38.78,31568
南芯科技,2023-05-31,40.05,40.52,40.81,39.92,26058
南芯科技,2023-06-01,40.62,39.47,40.67,39.38,32469
南芯科技,2023-06-02,39.55,42.22,42.56,39.02,71275
南芯科技,2023-06-05,42.42,44.32,44.32,42.22,88891
南芯科技,2023-06-06,44.02,42.06,44.02,41.87,51486
南芯科技,2023-06-07,42.21,42.15,43.2,41.68,30335
南芯科技,2023-06-08,41.69,40.68,42.0,40.38,34270
南芯科技,2023-06-09,41.46,41.62,41.8,40.72,28367
南芯科技,2023-06-12,42.36,43.41,44.57,42.33,56892
南芯科技,2023-06-13,43.22,43.84,44.19,43.02,43413
南芯科技,2023-06-14,43.89,43.22,44.81,43.2,36838
南芯科技,2023-06-15,43.29,42.67,43.72,42.62,26625
南芯科技,2023-06-16,42.62,43.38,43.38,42.18,25781
南芯科技,2023-06-19,43.22,42.71,43.71,42.53,29017
南芯科技,2023-06-20,42.43,43.1,43.58,41.52,35216
南芯科技,2023-06-21,42.72,40.82,42.91,40.82,25642
南芯科技,2023-06-26,40.79,39.96,40.79,39.49,15399
南芯科技,2023-06-27,40.14,40.23,41.01,40.1,9814
南芯科技,2023-06-28,40.48,40.09,41.19,38.85,19977
南芯科技,2023-06-29,40.02,40.1,40.9,39.92,12588
南芯科技,2023-06-30,40.28,40.42,40.84,39.93,12963
南芯科技,2023-07-03,40.47,41.08,41.08,40.07,18648
南芯科技,2023-07-04,41.22,42.67,42.78,40.73,29691
南芯科技,2023-07-05,42.31,41.95,42.88,41.82,18622
南芯科技,2023-07-06,41.97,41.92,42.46,41.68,10363
南芯科技,2023-07-07,41.9,41.15,41.9,41.08,8970
南芯科技,2023-07-10,41.15,40.57,41.52,40.52,10912
南芯科技,2023-07-11,40.92,42.23,42.54,40.52,27952
南芯科技,2023-07-12,42.1,41.37,42.52,41.3,17505
南芯科技,2023-07-13,41.12,43.43,43.5,41.07,44098
南芯科技,2023-07-14,43.66,42.77,43.7,42.47,26470
南芯科技,2023-07-17,42.79,43.26,44.07,42.67,25909
南芯科技,2023-07-18,42.83,42.67,44.11,42.62,20663
南芯科技,2023-07-19,42.66,42.22,43.42,42.07,15827
南芯科技,2023-07-20,42.26,41.15,42.46,41.0,17069
南芯科技,2023-07-21,41.34,40.16,41.48,40.0,16218
南芯科技,2023-07-24,40.12,40.27,40.49,39.92,6177
南芯科技,2023-07-25,40.41,41.76,42.6,40.41,23980
南芯科技,2023-07-26,41.82,41.3,41.82,41.15,8061
南芯科技,2023-07-27,41.37,39.68,41.41,39.53,18522
南芯科技,2023-07-28,39.68,39.41,39.8,38.92,13975
南芯科技,2023-07-31,39.5,39.52,39.81,39.05,14860
南芯科技,2023-08-01,39.37,39.67,39.71,39.18,9593
南芯科技,2023-08-02,39.67,38.92,39.67,38.92,13458
南芯科技,2023-08-03,38.99,38.75,39.18,38.7,11280
南芯科技,2023-08-04,38.75,38.68,39.06,38.38,9438
南芯科技,2023-08-07,38.87,38.79,38.98,38.59,4420
南芯科技,2023-08-08,38.79,38.93,39.2,38.73,5930
南芯科技,2023-08-09,39.13,38.23,39.13,38.09,7525
南芯科技,2023-08-10,37.97,38.98,39.08,37.97,7521
南芯科技,2023-08-11,39.12,38.2,39.13,38.02,5965
南芯科技,2023-08-14,37.83,37.9,38.3,37.38,7713
南芯科技,2023-08-15,38.02,35.8,38.02,35.62,16875
南芯科技,2023-08-16,35.53,34.57,36.36,34.3,17828
南芯科技,2023-08-17,34.43,34.74,34.98,33.94,16201
南芯科技,2023-08-18,35.0,36.6,37.9,34.88,39648
南芯科技,2023-08-21,36.47,37.41,37.87,36.25,20624
南芯科技,2023-08-22,37.4,38.53,38.71,37.08,28368
南芯科技,2023-08-23,38.11,37.7,38.72,37.37,18779
南芯科技,2023-08-24,38.25,38.29,38.81,37.53,17475
南芯科技,2023-08-25,38.52,36.81,38.52,36.36,17810
南芯科技,2023-08-28,38.92,37.21,41.42,37.02,31644
南芯科技,2023-08-29,37.14,42.07,42.22,37.13,71904
南芯科技,2023-08-30,43.42,43.77,45.68,43.42,96579
南芯科技,2023-08-31,43.93,44.74,45.22,43.47,78377
南芯科技,2023-09-01,44.37,43.25,44.91,42.86,46360
南芯科技,2023-09-04,43.76,44.72,44.72,43.03,46561
南芯科技,2023-09-05,45.43,43.07,46.55,42.92,69105
南芯科技,2023-09-06,42.96,44.7,44.91,42.92,57621
南芯科技,2023-09-07,44.52,43.53,44.52,42.86,46720
南芯科技,2023-09-08,43.32,44.82,45.1,43.27,43106
南芯科技,2023-09-11,44.72,44.12,44.72,43.13,31168
南芯科技,2023-09-12,44.41,43.06,44.6,42.9,24694
南芯科技,2023-09-13,42.94,41.91,42.94,40.97,37265
南芯科技,2023-09-14,41.99,41.02,41.99,40.5,18405
南芯科技,2023-09-15,40.72,40.5,41.34,39.42,25973
南芯科技,2023-09-18,40.22,40.32,40.93,39.92,14395
南芯科技,2023-09-19,39.94,39.29,40.32,39.22,13531
南芯科技,2023-09-20,39.12,40.12,40.41,39.05,18723
南芯科技,2023-09-21,40.11,40.3,40.52,39.51,17665
南芯科技,2023-09-22,40.32,40.62,40.8,39.43,14895
南芯科技,2023-09-25,40.35,39.22,40.39,38.95,20796
南芯科技,2023-09-26,38.99,39.12,39.62,38.63,10628
南芯科技,2023-09-27,40.4,41.52,41.85,40.31,40418
南芯科技,2023-09-28,41.03,40.3,41.57,39.81,29880
南芯科技,2023-10-09,39.72,38.78,40.23,38.03,45168
南芯科技,2023-10-10,38.49,40.1,40.41,38.49,32874
南芯科技,2023-10-11,40.35,42.58,43.71,39.47,44328
南芯科技,2023-10-12,43.0,42.44,44.31,42.04,29285
南芯科技,2023-10-13,42.3,42.16,42.87,41.95,17627
南芯科技,2023-10-16,42.16,40.58,42.16,40.27,22331
南芯科技,2023-10-17,40.27,40.22,40.86,39.37,15253
南芯科技,2023-10-18,40.17,38.97,40.25,38.6,16915
南芯科技,2023-10-19,38.98,40.81,41.23,38.72,29712
南芯科技,2023-10-20,40.84,39.49,40.84,39.28,15845
南芯科技,2023-10-23,39.42,37.32,39.42,36.92,20043
南芯科技,2023-10-24,37.59,38.93,39.22,36.83,16644
南芯科技,2023-10-25,38.93,38.55,39.2,38.17,11567
南芯科技,2023-10-26,38.32,38.56,38.7,37.93,10251
南芯科技,2023-10-27,39.41,41.25,41.64,38.75,38047
南芯科技,2023-10-30,40.97,46.82,47.41,40.97,80069
南芯科技,2023-10-31,47.97,46.83,48.4,46.31,48917
南芯科技,2023-11-01,46.71,46.05,48.42,45.84,29024
南芯科技,2023-11-02,46.72,45.82,48.26,45.81,30575
南芯科技,2023-11-03,45.96,46.42,47.37,45.81,31002
南芯科技,2023-11-06,46.72,47.26,49.17,46.65,39529
南芯科技,2023-11-07,47.71,46.43,47.71,46.09,26597
南芯科技,2023-11-08,46.7,45.82,46.7,45.32,27382
南芯科技,2023-11-09,45.72,44.4,46.72,44.22,31505
南芯科技,2023-11-10,44.31,44.44,45.52,43.93,17910
南芯科技,2023-11-13,44.97,44.52,45.42,43.85,17776
南芯科技,2023-11-14,44.86,45.06,45.38,44.14,16408
南芯科技,2023-11-15,45.24,44.53,45.4,44.4,18646
南芯科技,2023-11-16,44.42,43.88,44.49,43.75,12693
南芯科技,2023-11-17,43.86,44.42,44.62,43.57,13188
南芯科技,2023-11-20,44.51,43.53,44.81,43.42,29683
南芯科技,2023-11-21,43.52,43.56,44.4,43.26,22668
南芯科技,2023-11-22,43.67,42.57,43.69,42.52,13779
南芯科技,2023-11-23,42.57,43.45,43.51,42.28,14544
南芯科技,2023-11-24,43.37,42.04,43.47,41.72,14003
南芯科技,2023-11-27,42.22,42.22,42.8,41.78,21267
南芯科技,2023-11-28,42.23,42.43,43.05,41.82,17669
南芯科技,2023-11-29,42.3,42.42,43.11,42.3,16303
南芯科技,2023-11-30,42.37,42.5,42.66,41.55,13299
南芯科技,2023-12-01,42.53,42.33,42.68,41.92,14320
南芯科技,2023-12-04,42.35,41.73,42.56,41.55,16902
南芯科技,2023-12-05,41.91,40.89,42.11,40.77,15445
南芯科技,2023-12-06,40.67,41.67,42.38,40.64,21948
南芯科技,2023-12-07,41.45,41.89,42.2,40.76,23135
南芯科技,2023-12-08,41.92,42.0,43.27,41.57,40152
南芯科技,2023-12-11,41.92,42.94,43.1,41.52,20477
南芯科技,2023-12-12,43.09,42.85,43.6,42.7,20408
南芯科技,2023-12-13,42.7,42.85,43.11,42.42,14860
南芯科技,2023-12-14,42.91,41.49,43.2,41.23,19767
南芯科技,2023-12-15,41.31,41.0,41.91,40.97,11616
南芯科技,2023-12-18,40.99,39.3,40.99,39.03,20784
南芯科技,2023-12-19,39.3,39.82,40.07,39.08,8051
南芯科技,2023-12-20,39.92,39.34,40.08,39.25,8053
南芯科技,2023-12-21,38.77,38.96,39.7,38.59,11034
南芯科技,2023-12-22,39.0,38.18,39.11,37.92,12475
南芯科技,2023-12-25,37.98,38.44,38.54,37.88,8877
南芯科技,2023-12-26,38.39,37.16,38.52,36.99,12557
南芯科技,2023-12-27,37.17,37.97,38.05,37.16,8640
南芯科技,2023-12-28,38.02,38.6,38.95,37.55,12343
南芯科技,2023-12-29,38.6,39.27,39.62,38.42,14435
南芯科技,2024-01-02,39.41,38.23,39.41,38.23,11861
南芯科技,2024-01-03,38.04,37.69,38.23,37.17,9580
南芯科技,2024-01-04,37.69,37.44,37.91,37.09,6587
南芯科技,2024-01-05,37.2,36.48,37.75,36.32,12424
南芯科技,2024-01-08,36.52,35.35,36.91,35.35,10157
南芯科技,2024-01-09,35.35,35.21,35.95,34.57,13897
南芯科技,2024-01-10,35.22,34.71,35.58,34.43,10582
南芯科技,2024-01-11,34.42,34.64,35.12,34.3,22372
南芯科技,2024-01-12,34.6,33.89,34.65,33.85,16303
南芯科技,2024-01-15,33.72,33.51,34.17,33.24,10848
南芯科技,2024-01-16,33.52,33.26,33.55,32.55,14307
南芯科技,2024-01-17,33.32,32.14,33.36,32.09,9426
南芯科技,2024-01-18,31.8,32.23,32.3,31.08,13291
南芯科技,2024-01-19,32.33,31.49,32.81,31.42,11757
南芯科技,2024-01-22,31.28,29.49,31.56,29.08,16266
南芯科技,2024-01-23,29.42,30.07,30.46,29.32,17835
南芯科技,2024-01-24,30.3,29.79,30.47,28.87,18842
南芯科技,2024-01-25,29.92,30.64,30.92,29.6,19658
南芯科技,2024-01-26,30.69,29.24,30.76,28.92,22959
南芯科技,2024-01-29,29.98,28.81,30.82,28.81,20385
南芯科技,2024-01-30,28.88,27.68,29.02,27.6,16703
南芯科技,2024-01-31,27.62,25.99,27.81,25.99,23649
南芯科技,2024-02-01,25.82,26.48,27.3,25.5,21235
南芯科技,2024-02-02,26.74,24.65,26.82,23.35,25644
南芯科技,2024-02-05,24.61,22.75,24.87,21.64,48464
南芯科技,2024-02-06,22.24,24.62,25.22,21.52,37764
南芯科技,2024-02-07,25.07,26.27,27.71,24.69,59259
南芯科技,2024-02-08,26.55,27.48,27.62,25.39,46835
南芯科技,2024-02-19,27.49,28.59,28.85,27.23,37456
南芯科技,2024-02-20,28.58,28.42,28.58,27.64,19048
南芯科技,2024-02-21,28.02,28.24,29.16,27.98,16717
南芯科技,2024-02-22,28.06,28.74,28.9,28.06,12937
南芯科技,2024-02-23,28.81,29.15,29.15,28.25,20171
南芯科技,2024-02-26,29.57,30.57,31.0,29.53,30181
南芯科技,2024-02-27,30.56,31.39,31.53,30.1,19295
南芯科技,2024-02-28,31.62,28.92,31.68,28.92,29093
南芯科技,2024-02-29,28.88,30.37,30.54,28.75,27042
南芯科技,2024-03-01,30.24,31.42,31.55,30.24,28247
南芯科技,2024-03-04,31.53,32.01,32.07,30.79,27166
南芯科技,2024-03-05,31.91,32.77,32.9,31.15,35845
南芯科技,2024-03-06,33.52,31.99,33.71,31.66,38251
南芯科技,2024-03-07,32.11,30.62,32.5,30.62,27143
南芯科技,2024-03-08,30.62,31.54,32.24,30.46,24251
南芯科技,2024-03-11,31.07,31.69,31.94,30.5,21057
南芯科技,2024-03-12,31.84,31.99,32.2,31.33,22724
南芯科技,2024-03-13,31.88,32.33,32.77,31.85,18742
南芯科技,2024-03-14,32.04,31.78,32.6,31.34,13967
南芯科技,2024-03-15,31.62,32.19,32.19,31.32,12165
南芯科技,2024-03-18,32.22,34.36,34.42,32.22,36464
南芯科技,2024-03-19,34.6,34.13,34.61,33.88,21519
南芯科技,2024-03-20,34.95,34.15,34.95,33.64,19993
南芯科技,2024-03-21,34.34,33.42,34.45,33.12,23302
南芯科技,2024-03-22,33.42,32.3,33.66,32.19,26642
南芯科技,2024-03-25,32.1,30.57,32.37,30.57,23610
南芯科技,2024-03-26,30.44,30.04,30.89,29.67,17025
南芯科技,2024-03-27,30.04,30.06,30.92,29.48,22783
南芯科技,2024-03-28,29.87,29.9,30.7,29.42,18131
南芯科技,2024-03-29,29.82,29.99,30.35,29.26,15389
南芯科技,2024-04-01,29.8,30.6,30.7,29.8,22858
南芯科技,2024-04-02,30.6,29.86,30.62,29.69,12523
南芯科技,2024-04-03,29.92,29.7,30.38,29.26,14028
南芯科技,2024-04-08,29.62,29.02,29.69,29.02,10238
南芯科技,2024-04-09,28.93,29.42,29.78,28.78,12629
南芯科技,2024-04-10,29.17,28.24,29.2,27.84,16431
南芯科技,2024-04-11,28.38,28.42,28.95,28.18,14863
南芯科技,2024-04-12,28.32,28.35,28.85,27.99,15093
南芯科技,2024-04-15,28.0,28.46,29.3,28.0,20894
南芯科技,2024-04-16,28.14,27.23,28.34,27.06,22598
南芯科技,2024-04-17,27.42,30.17,30.31,27.34,48147
南芯科技,2024-04-18,29.85,29.61,30.42,28.82,31679
南芯科技,2024-04-19,29.22,28.21,29.39,28.14,21694
南芯科技,2024-04-22,27.82,32.07,33.02,27.32,72590
南芯科技,2024-04-23,31.82,32.61,33.02,31.32,58569
南芯科技,2024-04-24,32.71,32.65,32.82,32.14,32256
南芯科技,2024-04-25,32.81,32.84,33.36,32.23,24774
南芯科技,2024-04-26,32.81,33.38,33.65,32.64,31390
南芯科技,2024-04-29,33.49,34.27,34.51,33.3,37510
南芯科技,2024-04-30,36.8,34.37,36.91,34.29,75080
南芯科技,2024-05-06,34.54,34.51,35.36,34.21,42678
南芯科技,2024-05-07,34.33,34.15,34.78,33.92,32691
南芯科技,2024-05-08,33.76,33.52,34.06,33.0,27079
南芯科技,2024-05-09,33.43,34.02,34.52,33.28,28419
南芯科技,2024-05-10,33.93,33.11,34.2,32.93,20121
南芯科技,2024-05-13,32.87,33.85,34.62,32.53,37790
南芯科技,2024-05-14,33.83,33.31,34.35,33.1,26287
南芯科技,2024-05-15,33.2,32.66,33.51,32.42,16650
南芯科技,2024-05-16,32.89,32.27,33.07,32.24,19120
南芯科技,2024-05-17,32.43,33.32,33.38,31.89,31481
南芯科技,2024-05-20,33.16,33.64,34.27,33.1,29733
南芯科技,2024-05-21,33.62,32.93,33.62,32.71,20361
南芯科技,2024-05-22,32.8,32.87,33.26,32.39,17417
南芯科技,2024-05-23,33.02,32.5,33.81,32.41,25965
南芯科技,2024-05-24,32.53,31.77,33.1,31.75,28365
南芯科技,2024-05-27,32.09,31.79,32.22,30.43,42567
南芯科技,2024-05-28,31.8,31.49,32.58,31.4,33022
南芯科技,2024-05-29,31.4,31.8,32.15,31.4,21792
南芯科技,2024-05-30,31.9,32.26,32.6,31.02,19622
南芯科技,2024-05-31,32.38,32.61,33.04,32.1,19816
南芯科技,2024-06-03,33.15,32.9,33.99,32.42,30868
南芯科技,2024-06-04,33.01,32.33,33.08,31.95,22462
南芯科技,2024-06-05,32.33,31.4,32.82,31.35,27073
南芯科技,2024-06-06,31.73,30.87,32.08,30.7,24252
南芯科技,2024-06-07,30.88,30.51,31.56,30.35,21459
南芯科技,2024-06-11,30.32,31.77,31.88,30.03,28422
南芯科技,2024-06-12,32.1,32.9,33.5,31.73,40992
南芯科技,2024-06-13,32.82,33.63,34.39,32.82,59069
南芯科技,2024-06-14,33.31,33.23,33.97,32.76,51257
南芯科技,2024-06-17,33.15,34.17,35.13,33.15,60499
南芯科技,2024-06-18,34.65,34.43,35.02,33.98,51685
南芯科技,2024-06-19,36.54,35.71,36.54,34.8,136922
南芯科技,2024-06-20,35.71,37.62,39.0,35.71,155194
南芯科技,2024-06-21,36.95,38.69,39.65,36.55,131006
南芯科技,2024-06-24,38.69,37.5,39.68,36.95,120957
南芯科技,2024-06-25,37.04,36.05,37.29,35.7,92912
南芯科技,2024-06-26,36.25,37.94,38.08,35.6,113534
南芯科技,2024-06-27,37.38,36.4,37.5,36.4,78882
南芯科技,2024-06-28,36.4,36.8,37.66,36.18,70935
南芯科技,2024-07-01,36.5,36.05,36.67,34.98,75291
南芯科技,2024-07-02,35.8,35.08,35.95,34.93,51396
南芯科技,2024-07-03,35.2,35.6,36.13,34.58,64020
南芯科技,2024-07-04,35.5,34.55,35.73,34.4,47949
南芯科技,2024-07-05,34.48,34.8,35.23,33.73,49076
南芯科技,2024-07-08,34.98,34.94,35.99,34.88,59350
南芯科技,2024-07-09,34.58,36.5,36.5,34.36,83348
南芯科技,2024-07-10,36.23,35.81,36.35,35.76,63761
南芯科技,2024-07-11,36.6,36.52,36.87,35.92,70739
南芯科技,2024-07-12,36.2,35.6,36.2,35.36,51639
南芯科技,2024-07-15,35.77,34.66,36.05,34.48,51194
南芯科技,2024-07-16,34.7,36.09,36.16,34.5,62458
南芯科技,2024-07-17,36.0,35.33,36.41,35.31,54328
南芯科技,2024-07-18,34.8,34.29,35.01,32.81,86919
南芯科技,2024-07-19,33.86,35.22,35.81,33.7,70896
南芯科技,2024-07-22,35.19,35.08,35.84,35.0,42884
南芯科技,2024-07-23,35.09,33.09,35.19,33.09,46938
南芯科技,2024-07-24,32.94,32.44,33.48,32.4,36970
南芯科技,2024-07-25,32.08,31.5,32.31,31.26,41340
南芯科技,2024-07-26,31.66,31.83,32.14,31.05,39267
南芯科技,2024-07-29,31.67,31.05,32.0,31.05,31824
南芯科技,2024-07-30,30.99,31.3,31.59,30.41,29984
南芯科技,2024-07-31,31.1,32.63,32.79,31.09,46590
南芯科技,2024-08-01,32.89,32.87,33.25,32.22,44959
南芯科技,2024-08-02,32.21,31.47,32.85,31.38,40185
南芯科技,2024-08-05,31.08,29.37,31.44,29.35,55871
南芯科技,2024-08-06,30.05,29.7,30.12,29.15,34553
南芯科技,2024-08-07,29.71,29.46,29.93,29.3,33622
南芯科技,2024-08-08,29.18,30.3,30.66,28.82,61891
南芯科技,2024-08-09,30.3,29.16,30.54,29.11,70202
南芯科技,2024-08-12,28.99,28.79,29.34,28.48,43271
南芯科技,2024-08-13,28.67,29.01,29.03,28.56,26935
南芯科技,2024-08-14,29.11,28.52,29.2,28.52,24566
南芯科技,2024-08-15,28.53,28.64,29.26,28.36,28384
南芯科技,2024-08-16,28.79,28.48,29.03,28.42,24572
南芯科技,2024-08-19,28.45,27.9,28.69,27.88,30173
南芯科技,2024-08-20,27.96,27.65,28.18,27.57,27732
南芯科技,2024-08-21,27.69,27.47,27.87,27.31,22709
南芯科技,2024-08-22,27.38,26.93,27.56,26.87,27805
南芯科技,2024-08-23,26.93,27.14,27.24,26.73,34872
南芯科技,2024-08-26,27.14,26.97,27.58,26.76,23307
南芯科技,2024-08-27,26.84,26.56,27.05,26.48,18828
南芯科技,2024-08-28,26.6,26.78,27.02,26.41,17310
南芯科技,2024-08-29,26.6,27.34,27.63,26.6,32532
南芯科技,2024-08-30,27.27,28.19,28.57,27.23,47683
南芯科技,2024-09-02,28.11,27.0,28.34,26.97,32245
南芯科技,2024-09-03,26.87,27.39,27.65,26.87,21137
南芯科技,2024-09-04,27.0,27.04,27.33,26.89,29568
南芯科技,2024-09-05,27.08,27.37,27.78,27.0,28263
南芯科技,2024-09-06,27.5,26.54,27.5,26.51,31110
南芯科技,2024-09-09,26.5,26.2,26.65,26.0,28255
南芯科技,2024-09-10,26.3,26.65,26.79,25.96,26697
南芯科技,2024-09-11,26.44,26.84,27.05,26.41,22824
南芯科技,2024-09-12,26.9,26.57,27.27,26.48,19130
南芯科技,2024-09-13,26.57,26.09,26.64,26.08,16707
南芯科技,2024-09-18,26.09,25.83,26.27,25.45,18596
南芯科技,2024-09-19,25.84,26.16,26.56,25.61,24626
南芯科技,2024-09-20,26.17,25.54,26.25,25.34,30663
南芯科技,2024-09-23,25.56,25.32,25.85,25.28,20770
南芯科技,2024-09-24,25.45,26.53,26.54,25.26,40121
南芯科技,2024-09-25,26.86,26.53,27.49,26.53,45892
南芯科技,2024-09-26,26.66,27.61,27.61,26.3,59070
南芯科技,2024-09-27,28.2,29.55,29.7,28.07,55294
南芯科技,2024-09-30,31.2,34.16,34.16,30.83,160831
南芯科技,2024-10-08,41.03,41.03,41.03,37.68,288883
南芯科技,2024-10-09,36.58,36.49,39.79,34.67,268384
南芯科技,2024-10-10,36.62,34.07,36.99,34.03,130461
南芯科技,2024-10-11,33.74,32.0,33.87,31.09,108379
南芯科技,2024-10-14,31.91,32.73,32.78,30.42,138909
南芯科技,2024-10-15,32.54,31.81,33.6,31.81,111011
南芯科技,2024-10-16,30.9,31.75,32.16,30.88,69157
南芯科技,2024-10-17,32.28,32.16,33.35,31.93,99345
南芯科技,2024-10-18,32.2,34.63,35.91,31.95,162383
南芯科技,2024-10-21,35.29,35.5,37.07,34.8,199302
南芯科技,2024-10-22,35.4,35.37,36.2,34.48,116197
南芯科技,2024-10-23,35.4,36.1,37.09,34.91,127766
南芯科技,2024-10-24,35.81,37.53,37.98,35.7,161253
南芯科技,2024-10-25,37.7,37.95,38.78,36.65,110948
南芯科技,2024-10-28,37.61,37.29,38.4,37.07,87026
南芯科技,2024-10-29,37.87,36.29,38.08,36.21,106718
南芯科技,2024-10-30,36.32,35.56,36.36,34.56,83030
南芯科技,2024-10-31,34.63,35.53,35.97,33.53,134160
南芯科技,2024-11-01,35.01,33.43,35.2,33.3,110570
南芯科技,2024-11-04,33.2,34.02,34.17,33.12,45870
南芯科技,2024-11-05,33.97,35.3,35.49,33.72,90041
南芯科技,2024-11-06,35.4,34.55,36.04,34.2,128150
南芯科技,2024-11-07,34.61,35.22,35.49,34.31,98913
南芯科技,2024-11-08,35.7,35.84,36.68,35.5,168426
南芯科技,2024-11-11,35.9,38.29,38.72,35.85,197750
南芯科技,2024-11-12,38.37,37.11,38.68,36.68,143519
南芯科技,2024-11-13,36.8,37.0,37.18,36.13,96864
南芯科技,2024-11-14,36.55,36.67,39.09,36.55,171177
南芯科技,2024-11-15,37.1,36.27,37.86,36.11,122248
南芯科技,2024-11-18,36.26,34.0,36.34,33.6,130161
南芯科技,2024-11-19,34.1,35.3,35.5,33.9,91113
南芯科技,2024-11-20,35.31,35.23,35.58,34.6,78819
南芯科技,2024-11-21,35.2,35.83,36.86,34.8,100693
南芯科技,2024-11-22,35.64,36.15,38.25,35.56,225190
南芯科技,2024-11-25,36.4,35.88,36.66,34.4,100215
南芯科技,2024-11-26,36.0,35.11,36.95,35.11,76673
南芯科技,2024-11-27,35.1,36.7,36.74,33.98,98219
南芯科技,2024-11-28,36.78,37.48,38.78,36.51,150999
南芯科技,2024-11-29,37.25,38.48,39.56,36.57,148158
南芯科技,2024-12-02,38.24,39.07,39.9,38.24,166843
南芯科技,2024-12-03,39.02,37.7,39.02,37.41,120586
南芯科技,2024-12-04,38.36,37.53,38.89,37.1,100319
南芯科技,2024-12-05,37.38,38.82,39.4,37.35,135866
南芯科技,2024-12-06,39.29,39.76,39.81,37.7,150985
南芯科技,2024-12-09,39.55,39.85,40.15,38.65,126564
南芯科技,2024-12-10,40.72,39.83,41.78,39.8,170471
南芯科技,2024-12-11,39.2,41.51,42.47,39.2,160579
南芯科技,2024-12-12,41.33,41.7,41.95,40.7,127784
南芯科技,2024-12-13,41.5,40.63,43.29,40.46,208561
南芯科技,2024-12-16,40.78,38.71,41.0,38.41,125169
南芯科技,2024-12-17,38.6,38.9,39.55,38.41,83106
南芯科技,2024-12-18,38.83,39.48,40.15,38.53,79205
南芯科技,2024-12-19,38.97,39.22,39.49,38.08,79785
南芯科技,2024-12-20,38.83,40.32,41.1,38.8,108289
南芯科技,2024-12-23,40.15,38.03,40.27,37.93,104833
南芯科技,2024-12-24,38.18,38.7,39.38,38.04,66311
南芯科技,2024-12-25,38.63,38.98,39.29,38.18,72679
南芯科技,2024-12-26,38.78,38.71,39.23,38.3,101170
南芯科技,2024-12-27,38.8,38.13,39.09,37.5,93146
南芯科技,2024-12-30,38.16,37.95,38.7,36.82,87197
南芯科技,2024-12-31,37.76,35.84,38.09,35.8,85631
南芯科技,2025-01-02,35.88,34.4,35.9,33.89,71578
南芯科技,2025-01-03,35.2,33.6,35.2,33.43,59693
南芯科技,2025-01-06,33.6,33.56,34.08,33.43,42791
南芯科技,2025-01-07,33.51,34.18,34.43,33.37,46344
南芯科技,2025-01-08,33.98,34.4,34.92,32.92,68363
南芯科技,2025-01-09,33.98,34.3,34.98,33.98,46834
南芯科技,2025-01-10,34.26,32.83,34.78,32.6,68884
南芯科技,2025-01-13,32.58,32.73,33.14,32.28,39854
南芯科技,2025-01-14,32.96,34.66,34.78,32.63,65272
南芯科技,2025-01-15,34.42,34.41,34.92,34.01,46388
南芯科技,2025-01-16,34.56,34.28,35.08,33.88,74652
南芯科技,2025-01-17,34.46,36.48,37.22,34.02,134854
南芯科技,2025-01-20,36.48,36.17,36.65,35.73,75860
南芯科技,2025-01-21,36.24,36.41,36.48,35.6,61270
南芯科技,2025-01-22,36.8,36.62,37.89,36.01,87979
南芯科技,2025-01-23,36.98,36.14,37.45,36.14,72078
南芯科技,2025-01-24,36.13,36.51,36.66,36.0,62394
南芯科技,2025-01-27,36.76,35.36,36.76,35.35,61263
南芯科技,2025-02-05,35.95,35.78,36.15,35.53,57289
南芯科技,2025-02-06,35.36,36.85,36.9,35.31,77864
南芯科技,2025-02-07,36.82,37.15,37.73,36.58,105855
南芯科技,2025-02-10,37.55,37.17,37.65,36.72,93940
南芯科技,2025-02-11,37.17,36.16,37.18,35.92,77140
南芯科技,2025-02-12,36.15,37.78,37.8,35.9,125491
南芯科技,2025-02-13,37.65,36.76,37.68,36.68,89872
南芯科技,2025-02-14,36.67,36.42,37.2,36.08,63443
南芯科技,2025-02-17,36.4,35.81,36.79,35.52,103324
南芯科技,2025-02-18,35.81,34.96,36.11,34.83,68259
南芯科技,2025-02-19,34.85,36.43,36.8,34.85,114289
南芯科技,2025-02-20,36.43,37.08,37.3,36.06,95727
南芯科技,2025-02-21,37.03,37.62,37.85,36.18,141246
南芯科技,2025-02-24,37.62,37.63,38.08,37.14,99173
南芯科技,2025-02-25,37.05,36.79,37.79,36.19,153418
南芯科技,2025-02-26,36.94,37.7,37.79,36.41,124132
南芯科技,2025-02-27,37.88,38.65,39.05,37.41,177036
南芯科技,2025-02-28,38.01,36.97,38.42,36.67,141219
南芯科技,2025-03-03,36.98,37.67,38.78,36.4,141512
南芯科技,2025-03-04,36.91,39.25,39.67,36.88,182567
南芯科技,2025-03-05,39.2,39.04,39.6,38.29,117670
南芯科技,2025-03-06,39.18,39.12,39.42,38.7,138429
南芯科技,2025-03-07,38.95,38.64,39.93,38.26,128184
南芯科技,2025-03-10,38.38,37.92,38.65,37.68,90455
南芯科技,2025-03-11,37.1,37.89,38.03,37.08,63714
南芯科技,2025-03-12,38.08,37.65,38.23,37.58,59496
南芯科技,2025-03-13,37.64,36.44,37.65,36.08,89763
南芯科技,2025-03-14,36.4,37.21,37.28,36.21,56204
南芯科技,2025-03-17,37.46,37.05,37.46,36.92,37779
南芯科技,2025-03-18,37.18,37.31,37.85,37.05,43482
南芯科技,2025-03-19,37.11,38.35,39.09,37.11,152772
南芯科技,2025-03-20,38.3,38.0,38.9,38.0,68386
南芯科技,2025-03-21,37.93,36.84,37.98,36.5,78357
南芯科技,2025-03-24,36.6,37.19,37.43,36.51,57225
南芯科技,2025-03-25,37.15,37.0,37.39,36.61,49723
南芯科技,2025-03-26,36.97,36.55,37.25,36.48,40312
南芯科技,2025-03-27,36.5,36.53,37.17,35.72,49047
南芯科技,2025-03-28,36.75,35.14,36.97,35.0,54552
南芯科技,2025-03-31,35.05,34.26,35.38,34.08,80572
南芯科技,2025-04-01,34.59,33.99,34.87,33.86,76373
南芯科技,2025-04-02,34.22,34.23,34.74,33.81,48918
南芯科技,2025-04-03,34.05,33.08,35.15,32.8,98376
南芯科技,2025-04-07,30.31,28.99,31.28,27.7,118770
南芯科技,2025-04-08,29.46,29.66,30.51,28.92,76685
南芯科技,2025-04-09,29.3,29.96,30.75,28.13,82615
南芯科技,2025-04-10,30.74,30.68,31.45,30.45,82090
南芯科技,2025-04-11,30.79,33.82,34.8,30.55,164367
南芯科技,2025-04-14,33.82,33.45,34.06,33.33,68774
南芯科技,2025-04-15,33.45,33.19,33.65,32.74,41161
南芯科技,2025-04-16,33.1,33.68,33.89,32.93,56867
南芯科技,2025-04-17,33.3,35.19,35.9,33.01,111035
南芯科技,2025-04-18,34.81,36.21,37.06,34.81,130832
南芯科技,2025-04-21,36.3,36.09,36.52,35.61,64384
南芯科技,2025-04-22,35.81,35.81,36.66,35.75,55914
南芯科技,2025-04-23,35.82,35.25,36.2,35.2,65360
南芯科技,2025-04-24,35.19,34.68,35.38,34.26,48986
南芯科技,2025-04-25,34.5,33.78,34.5,33.31,66205
南芯科技,2025-04-28,33.66,33.52,33.95,33.42,34617
南芯科技,2025-04-29,32.8,33.6,33.72,31.92,79324
南芯科技,2025-04-30,33.58,33.4,33.85,33.24,38200
南芯科技,2025-05-06,33.72,34.19,34.55,33.72,43093
南芯科技,2025-05-07,34.6,34.18,34.98,33.91,42240
南芯科技,2025-05-08,34.08,34.11,34.65,33.7,37715
南芯科技,2025-05-09,33.95,33.43,34.15,33.13,41182
南芯科技,2025-05-12,33.68,33.43,33.93,33.3,50542
南芯科技,2025-05-13,34.0,32.86,34.09,32.81,46353
南芯科技,2025-05-14,32.9,32.7,33.17,32.46,35592
南芯科技,2025-05-15,32.7,31.76,32.73,31.7,42110
南芯科技,2025-05-16,31.77,31.78,32.28,31.7,30657
南芯科技,2025-05-19,31.78,32.38,32.89,31.58,56755
南芯科技,2025-05-20,32.75,32.28,32.76,32.21,28159
南芯科技,2025-05-21,32.44,32.13,32.44,31.89,28174
南芯科技,2025-05-22,32.12,32.45,33.28,32.05,46637
南芯科技,2025-05-23,32.62,32.18,33.05,32.12,40998
南芯科技,2025-05-26,32.11,32.59,32.78,32.11,30095
南芯科技,2025-05-27,32.58,33.36,33.57,32.38,63135
南芯科技,2025-05-28,33.46,33.1,33.5,32.88,38843
南芯科技,2025-05-29,33.31,33.61,33.98,32.9,50395
南芯科技,2025-05-30,33.51,32.67,33.58,32.5,34572
南芯科技,2025-06-03,32.65,32.46,33.32,32.4,36301
南芯科技,2025-06-04,32.55,32.59,32.74,32.3,32706
南芯科技,2025-06-05,32.65,34.82,34.9,32.38,138582
南芯科技,2025-06-06,34.82,34.61,35.13,34.45,51437
南芯科技,2025-06-09,34.61,34.8,35.24,34.52,37137
南芯科技,2025-06-10,34.99,34.52,35.59,34.28,55924
南芯科技,2025-06-11,34.46,34.67,34.82,34.12,33725
南芯科技,2025-06-12,34.6,33.98,34.74,33.97,34834
南芯科技,2025-06-13,33.95,33.59,34.21,33.35,56225
南芯科技,2025-06-16,33.4,33.63,34.05,33.36,21098
南芯科技,2025-06-17,33.75,34.68,34.85,33.74,48044
南芯科技,2025-06-18,34.69,35.45,35.73,34.5,60423
南芯科技,2025-06-19,35.45,35.66,36.1,35.18,54643
南芯科技,2025-06-20,35.76,35.82,36.08,35.63,38625
南芯科技,2025-06-23,35.78,36.15,36.6,35.35,45502
南芯科技,2025-06-24,36.3,36.12,36.36,35.9,34455
南芯科技,2025-06-25,36.13,36.87,37.02,35.71,55339
南芯科技,2025-06-26,36.84,37.98,38.58,36.71,75078
南芯科技,2025-06-27,38.1,38.51,39.35,38.0,73687
南芯科技,2025-06-30,39.0,39.35,39.48,38.15,72801
南芯科技,2025-07-01,39.28,39.01,39.9,38.55,65706
南芯科技,2025-07-02,39.3,38.53,39.3,38.3,38584
南芯科技,2025-07-03,38.53,39.26,39.48,38.08,53261
南芯科技,2025-07-04,39.31,39.23,39.74,38.55,45573
南芯科技,2025-07-07,38.99,39.17,39.47,38.7,28433
南芯科技,2025-07-08,38.81,39.2,39.45,38.81,32927
南芯科技,2025-07-09,39.36,38.34,39.36,38.22,27942
南芯科技,2025-07-10,38.49,38.1,38.79,37.97,27939
南芯科技,2025-07-11,38.28,38.29,38.65,37.8,33402
南芯科技,2025-07-14,38.29,38.05,38.88,38.04,22523
南芯科技,2025-07-15,38.21,38.59,38.68,37.94,22278
南芯科技,2025-07-16,38.63,37.9,39.14,37.83,38751
南芯科技,2025-07-17,37.9,37.43,38.05,37.21,40460
南芯科技,2025-07-18,37.47,36.62,37.76,36.46,67193
南芯科技,2025-07-21,36.68,37.1,37.63,36.66,38132
南芯科技,2025-07-22,37.08,36.93,37.38,36.51,32778
南芯科技,2025-07-23,36.76,36.73,37.03,36.55,33105
南芯科技,2025-07-24,36.83,37.02,37.5,36.64,39321
南芯科技,2025-07-25,37.05,37.38,37.5,36.62,33993
南芯科技,2025-07-28,37.6,37.76,38.09,37.3,53364
南芯科技,2025-07-29,37.66,38.67,39.25,37.5,67548
南芯科技,2025-07-30,38.53,38.24,38.87,37.94,45589
南芯科技,2025-07-31,37.56,38.26,39.3,37.41,75911
南芯科技,2025-08-01,38.6,40.15,40.3,37.9,126725
南芯科技,2025-08-04,39.97,40.2,40.66,39.53,86175
南芯科技,2025-08-05,42.3,41.6,43.18,40.24,145773
南芯科技,2025-08-06,40.8,41.19,41.57,39.61,89783
南芯科技,2025-08-07,41.1,44.94,45.19,40.76,198841
南芯科技,2025-08-08,43.93,43.99,44.67,43.15,100390
南芯科技,2025-08-11,43.99,45.0,46.28,43.76,132065
南芯科技,2025-08-12,44.65,44.85,45.1,43.88,72565
南芯科技,2025-08-13,44.73,46.22,46.97,44.49,94134
南芯科技,2025-08-14,46.44,44.7,46.44,44.31,101049
南芯科技,2025-08-15,44.6,47.7,48.0,44.15,120324
南芯科技,2025-08-18,48.49,47.25,48.7,46.5,85330
南芯科技,2025-08-19,47.6,45.96,47.7,45.92,87039
南芯科技,2025-08-20,45.8,51.76,52.88,45.36,213174
南芯科技,2025-08-21,51.38,48.9,51.38,48.5,141839
南芯科技,2025-08-22,48.64,50.71,51.5,48.46,146607
南芯科技,2025-08-25,51.33,51.0,52.81,49.61,121301
南芯科技,2025-08-26,50.8,50.0,51.0,49.29,91103
南芯科技,2025-08-27,49.84,48.92,51.88,48.92,92028
南芯科技,2025-08-28,48.77,49.0,49.63,46.95,146837
南芯科技,2025-08-29,49.38,48.97,49.58,47.61,76260
南芯科技,2025-09-01,48.96,49.47,50.3,47.77,74249
南芯科技,2025-09-02,49.55,46.6,49.56,46.14,88871
南芯科技,2025-09-03,46.55,47.32,48.39,46.53,61427
南芯科技,2025-09-04,47.27,44.91,47.62,44.0,77521
南芯科技,2025-09-05,45.44,46.0,46.38,44.8,58649
南芯科技,2025-09-08,46.08,46.9,47.2,45.18,55078
南芯科技,2025-09-09,47.05,45.52,47.08,44.99,87761
南芯科技,2025-09-10,45.88,45.91,46.65,45.39,40172
南芯科技,2025-09-11,45.82,46.7,47.0,45.11,74097
南芯科技,2025-09-12,46.71,46.4,47.99,45.82,67082
南芯科技,2025-09-15,50.47,48.08,51.25,47.55,177550
南芯科技,2025-09-16,47.78,47.91,48.08,46.92,95468
南芯科技,2025-09-17,48.0,48.04,48.37,46.95,62195
南芯科技,2025-09-18,47.88,48.7,51.48,47.74,130602
南芯科技,2025-09-19,48.67,48.68,50.75,48.67,85062
南芯科技,2025-09-22,48.68,49.39,50.75,48.5,87658
南芯科技,2025-09-23,49.13,50.15,50.7,48.01,108434
南芯科技,2025-09-24,49.74,51.22,52.32,49.5,129244
南芯科技,2025-09-25,51.39,50.59,51.42,50.08,80097
南芯科技,2025-09-26,50.35,49.53,50.87,48.88,104716
南芯科技,2025-09-29,49.61,50.13,50.66,49.06,74235
南芯科技,2025-09-30,50.39,51.59,52.67,50.01,89407
南芯科技,2025-10-09,51.61,51.95,52.7,51.1,85673
南芯科技,2025-10-10,51.67,50.08,53.68,49.8,106031
南芯科技,2025-10-13,47.91,50.0,52.1,46.79,103851
南芯科技,2025-10-14,50.61,48.99,52.42,48.6,86454
南芯科技,2025-10-15,49.47,48.7,49.88,48.22,65551
南芯科技,2025-10-16,49.14,48.0,49.67,46.93,77359
南芯科技,2025-10-17,47.55,45.6,47.92,45.01,70481
南芯科技,2025-10-20,46.35,44.71,46.4,44.42,55818
南芯科技,2025-10-21,45.0,45.03,45.66,44.51,45445
南芯科技,2025-10-22,44.86,45.54,46.19,44.7,48676
南芯科技,2025-10-23,45.28,44.75,45.29,43.5,39341
南芯科技,2025-10-24,45.2,44.96,45.96,44.67,52608
南芯科技,2025-10-27,45.87,46.75,46.75,45.09,87558
南芯科技,2025-10-28,46.0,45.28,46.63,45.0,70111
南芯科技,2025-10-29,45.1,43.65,45.39,42.58,115233
南芯科技,2025-10-30,43.65,44.34,44.89,43.53,91064
南芯科技,2025-10-31,44.33,44.81,45.17,43.65,53427
南芯科技,2025-11-03,44.73,44.42,45.12,43.13,66408
南芯科技,2025-11-04,44.42,43.43,44.86,43.19,44202
南芯科技,2025-11-05,43.44,43.0,43.44,42.5,30448
南芯科技,2025-11-06,43.38,42.77,43.53,42.55,49474
南芯科技,2025-11-07,42.57,42.41,43.07,41.91,38872
南芯科技,2025-11-10,42.41,42.33,42.99,41.88,50343
南芯科技,2025-11-11,42.39,42.24,43.3,42.0,33746
南芯科技,2025-11-12,42.11,42.23,43.0,41.82,73123
南芯科技,2025-11-13,42.6,42.03,42.99,41.6,55140
南芯科技,2025-11-14,42.24,42.92,43.88,41.78,90778
南芯科技,2025-11-17,42.7,41.8,43.05,41.38,63695
南芯科技,2025-11-18,41.98,41.75,42.65,41.5,46420
南芯科技,2025-11-19,42.13,40.84,42.18,40.81,54801
南芯科技,2025-11-20,41.13,39.93,41.36,39.88,49024
南芯科技,2025-11-21,39.94,39.2,40.33,38.91,53998
南芯科技,2025-11-24,39.58,39.62,39.99,39.07,44681
南芯科技,2025-11-25,39.55,40.11,41.08,39.55,44992
南芯科技,2025-11-26,40.01,40.32,40.75,39.8,45465
南芯科技,2025-11-27,40.26,40.48,41.42,40.14,36162
南芯科技,2025-11-28,41.99,41.13,42.69,40.88,65054
南芯科技,2025-12-01,40.72,41.09,42.22,40.22,63772
南芯科技,2025-12-02,41.1,40.9,42.35,40.73,53483
南芯科技,2025-12-03,40.87,40.39,41.03,40.32,37499
南芯科技,2025-12-04,40.35,40.05,40.65,39.63,40743
南芯科技,2025-12-05,40.0,41.09,41.22,39.8,53322
南芯科技,2025-12-08,41.09,41.44,41.87,40.79,49129
南芯科技,2025-12-09,41.26,40.4,41.82,40.3,68231
南芯科技,2025-12-10,40.28,40.66,40.82,39.65,47942
南芯科技,2025-12-11,40.32,39.75,40.95,39.7,35122
南芯科技,2025-12-12,39.58,40.05,40.56,39.22,59891
南芯科技,2025-12-15,39.7,38.86,40.3,38.8,61501
南芯科技,2025-12-16,38.91,37.93,39.18,37.72,45834
南芯科技,2025-12-17,38.08,37.97,38.45,36.8,75804
南芯科技,2025-12-18,37.6,37.45,38.33,37.45,49177
南芯科技,2025-12-19,37.88,37.55,38.29,37.44,30673
南芯科技,2025-12-22,37.55,38.45,38.64,37.55,42272
南芯科技,2025-12-23,38.31,38.36,38.99,38.03,34404
南芯科技,2025-12-24,38.46,41.75,42.18,38.35,133990
南芯科技,2025-12-25,42.48,42.02,42.84,41.7,65642
南芯科技,2025-12-26,41.68,40.74,42.13,40.6,56183
南芯科技,2025-12-29,40.8,41.28,42.56,40.8,62372
南芯科技,2025-12-30,41.02,41.63,41.97,40.9,48190
南芯科技,2025-12-31,41.69,40.66,41.76,40.57,41809
南芯科技,2026-01-05,41.04,41.5,41.8,40.95,63199
南芯科技,2026-01-06,41.94,42.04,42.23,41.3,59165
南芯科技,2026-01-07,42.3,42.9,43.43,42.13,73310
